"DCAT","Dataset","Name_En","Name_Es","Name_Fr","Reference_year"
"01","1","Global aquaculture production - Metadata","Producción mundial de acuicultura - Metadatos","Production mondiale de l'aquaculture  - Métadonnées","2024"
"02.1","1","Food and Agriculture Organization of the United Nations (FAO)","Organización de las Naciones Unidas para la Alimentación y la Agricultura (FAO)","Organisation des Nations Unies pour l'alimentation et l'agriculture (FAO)","2024"
"02.2","1","[Global aquaculture production](https://www.fao.org/fishery/en/collection/aquaculture)","[Producción mundial de acuicultura](https://www.fao.org/fishery/es/collection/aquaculture)","[Production mondiale de l'aquaculture](https://www.fao.org/fishery/fr/collection/aquaculture)","2024"
"03.1","1","Food and Agriculture Organization of the United Nations (FAO)","Organización de las Naciones Unidas para la Alimentación y la Agricultura (FAO)","Organisation des Nations Unies pour l'alimentation et l'agriculture (FAO)","2024"
"03.2","1","Statistics and Information Team (NFISI) of the FAO Fisheries and Aquaculture Division (NFI)","Equipo de estadísticas e información (NFISI) de la División de Pesca y Acuicultura (NFI) de la FAO","Équipe Statistiques et Information (NFISI) de la Division des pêches et de l'aquaculture (NFI) de la FAO","2024"
"03.3","1","Viale delle Terme di Caracalla, 00153 Rome, Italy","Viale delle Terme di Caracalla, 00153 Roma, Italia","Viale delle Terme di Caracalla, 00153 Rome, Italie","2024"
"03.4","1","[Fish-Statistics-Inquiries@fao.org](mailto:Fish-Statistics-Inquiries@fao.org)","[Fish-Statistics-Inquiries@fao.org](mailto:Fish-Statistics-Inquiries@fao.org)","[Fish-Statistics-Inquiries@fao.org](mailto:Fish-Statistics-Inquiries@fao.org)","2024"
"04.1","1","28/03/2026","28/03/2026","28/03/2026","2024"
"04.2","1","28/03/2026","28/03/2026","28/03/2026","2024"
"05.1","1","This dataset covers annual series of the volume from 1950 and value from 1984 of total aquaculture production by country or area, species, environment and FAO major fishing area. Data cover aquatic animals (fish, crustaceans, molluscs, etc.), aquatic plants (seaweed and other algae) and aquatic products (shells and pearls) harvested through aquaculture activities, taken from inland waters, brackish and marine areas.  Data include all quantities farmed for both food and non-food purposes.","Este conjunto de datos abarca series anuales del volumen desde 1950 y del valor desde 1984 de la producción total de acuicultura por país o área, especie, entorno y zona pesquera principal de la FAO. Los datos incluyen animales acuáticos (peces, crustáceos, moluscos, etc.), plantas acuáticas (algas marinas y otras algas) y productos acuáticos (conchas y perlas) obtenidos mediante actividades de acuicultura en aguas continentales, salobres y marinas. Los datos incluyen todas las cantidades cultivadas tanto para fines alimentarios como no alimentarios.","Cet ensemble de données présente les séries annuelles du volume (depuis 1950) et de la valeur (depuis 1984) de la production aquacole totale, ventilées par pays ou zone, espèce, milieu et principale zone de pêche de la FAO. Les données concernent les animaux aquatiques (poissons, crustacés, mollusques, etc.), les plantes aquatiques (algues) et les produits aquatiques (coquillages et perles) issus de l’aquaculture en eaux intérieures, saumâtres et marines. Elles incluent toutes les quantités élevées à des fins alimentaires et non alimentaires.","2024"
"05.2","1","The dataset provides comprehensive coverage of the global aquaculture production, including approximately 770 species items, 26 major fishing areas, 3 environments and 216 countries or areas. FAO strives to provide data for all countries and territories covering aquaculture production at the most detailed level of species items.","El conjunto de datos ofrece una cobertura integral de la producción acuícola mundial, incluyendo aproximadamente 770 especies, 26 zonas de pesca principales, 3 entornos y 216 países o territorios. La FAO se esfuerza por proporcionar datos de todos los países y territorios, abarcando la producción acuícola al nivel de detalle más completo posible.","Cet ensemble de données offre une couverture exhaustive de la production aquacole mondiale, incluant environ 770 espèces, 26 principales zones de pêche de la FAO, 3 environnements et 216 pays ou territoires. La FAO s'efforce de fournir des données pour tous les pays et territoires, couvrant la production aquacole avec le niveau de détail le plus fin possible en termes d'espèce.","2024"
"05.3","1","Aquaculture","Acuicultura","Aquaculture","2024"
"05.4","1","Aquaculture production includes animals, plants and microorganisms harvested through aquaculture activities, whether marine or inland.

Aquaculture is the farming of aquatic organisms including fish, molluscs, crustaceans and aquatic plants (seaweed and other algae). Farming implies some form of intervention in the rearing process to enhance production, such as regular stocking, feeding, protection from predators, etc. Farming also implies individual or corporate ownership of the stock being cultivated. For statistical purposes, aquatic organisms which are harvested by an individual or corporate body which has owned them throughout their rearing period contribute to aquaculture while aquatic organisms which are exploitable by the public as a common property resource, with or without appropriate licenses, are the harvest of fisheries production.

Fish, crustaceans, molluscs and all other aquatic organisms included in the dataset have been classified according to approximately 740 commercial species items, further arranged within the 50 groups of species constituting the nine divisions of the FAO International Standard Statistical Classification of Aquatic Animals and Plants (ISSCAAP) on the basis of their taxonomic, ecological and economic characteristics. The taxonomic code descriptors are taken from the ""ASFIS list of species for fishery statistics purposes"" (version 2024). Please note that the list of species disseminated in these datasets might not adhere entirely to ASFIS (version 2024) due to differing publication schedules. More information about the ASFIS list and the ISSCAAP classification is available at https://www.fao.org/fishery/en/collection/asfis .

Aquaculture production is reported by three culture environments: freshwater, brackishwater and marine waters:

• By freshwater is meant waters with a consistently negligible salinity

• By brackishwater is meant waters in which the salinity is appreciable but not to a constant high level. It is usually characterized by regular daily and seasonal fluctuations in salinity due to freshwater and full strength marine water influxes. Enclosed coastal and inland water bodies in which the salinity is greater than freshwater but less than marine water are also regarded as brackish

• By marine is meant coastal and offshore waters in which the salinity is maximal and not subject to significant daily and seasonal variation

Aquaculture production is also classified according to the inland or marine area where production took place. These are divided into eight major inland fishing areas and 19 [major marine fishing areas](https://www.fao.org/cwp-on-fishery-statistics/handbook/general-concepts/main-water-areas/en/), internationally established for fishery statistical purposes.

Statistical concepts and standards related to aquaculture statistics are available in the [Handbook of Fishery Statistics of the Coordinating Working Party on Fishery Statistics (CWP)](https://www.fao.org/cwp-on-fishery-statistics/handbook/en/).","","","2023"
"05.4","1","Aquaculture production includes aquatic animals, plants and microorganisms harvested through aquaculture activities, whether marine or inland.

Aquaculture is the farming of aquatic organisms including fish, molluscs, crustaceans and aquatic plants (seaweed and other algae - macroalgae, microalgae and cyanobacteria). Farming implies some form of intervention in the rearing process to enhance production, such as regular stocking, feeding, protection from predators, etc. Farming also implies individual or corporate ownership of the stock being cultivated. For statistical purposes, aquatic organisms  harvested by an individual or corporate body that has owned them throughout their rearing period are classified as aquaculture, whereas aquatic organisms that are exploitable by the public as a common property resource, with or without appropriate licenses, are classified as the harvest of fisheries production.

Fish, crustaceans, molluscs and all other aquatic organisms included in the dataset have been classified according to approximately 770 commercial species items, further arranged within the 50 groups of species constituting the nine divisions of the FAO International Standard Statistical Classification of Aquatic Animals and Plants (ISSCAAP) on the basis of their taxonomic, ecological and economic characteristics. The taxonomic code descriptors are taken from the ""ASFIS list of species for fishery statistics purposes"" (version 2026), which will be disseminated during summer 2026. Please note that the list of species disseminated in these datasets might not adhere entirely to ASFIS (version 2026) due to differing publication schedules. More information about the ASFIS list and the ISSCAAP classification is available at https://www.fao.org/fishery/en/collection/asfis .

Aquaculture production is reported by three culture environments: freshwater, brackishwater and marine waters:

• By freshwater is meant waters with a consistently negligible salinity

• By brackishwater is meant waters in which the salinity is appreciable but not to a constant high level. It is usually characterized by regular daily and seasonal fluctuations in salinity due to freshwater and full strength marine water influxes. Enclosed coastal and inland water bodies in which the salinity is greater than freshwater but less than marine water are also regarded as brackish

• By marine is meant coastal and offshore waters in which the salinity is maximal and not subject to significant daily and seasonal variation

Aquaculture production is also classified according to the inland or marine area where production took place. These are divided into eight major inland fishing areas and 19 [major marine fishing areas](https://www.fao.org/cwp-on-fishery-statistics/handbook/general-concepts/main-water-areas/en/), internationally established for fishery statistical purposes.

Statistical concepts and standards related to aquaculture statistics are available in the [Handbook of Fishery Statistics of the Coordinating Working Party on Fishery Statistics (CWP)](https://www.fao.org/cwp-on-fishery-statistics/handbook/en/).","La producción acuícola comprende animales, plantas y microorganismos acuáticos obtenidos mediante actividades acuícolas, tanto marinas como continentales.

La acuicultura es el cultivo de organismos acuáticos, incluyendo peces, moluscos, crustáceos y plantas acuáticas (algas marinas y otras algas: macroalgas, microalgas y cianobacterias). El cultivo implica algún tipo de intervención en el proceso de cría para mejorar la producción, como la repoblación regular, la alimentación, la protección contra depredadores, etc. También implica la propiedad individual o corporativa de los organismos cultivados. A efectos estadísticos, los organismos acuáticos que son cosechados por una persona o entidad que los ha poseído durante todo su período de cría se consideran parte de la acuicultura, mientras que los organismos acuáticos que son explotados por el público como recurso de dominio público, con o sin las licencias correspondientes, se consideran parte de la producción pesquera.

Los peces, crustáceos, moluscos y demás organismos acuáticos incluidos en el conjunto de datos se han clasificado según aproximadamente 770 especies comerciales, organizadas a su vez en los 50 grupos de especies que conforman las nueve divisiones de la Clasificación Estadística Internacional Uniforme de Animales y Plantas Acuáticas (CEIUAPA) de la FAO, en función de sus características taxonómicas, ecológicas y económicas. Los descriptores de códigos taxonómicos se han tomado de la «Lista de especies de la ASFIS para fines estadísticos pesqueros» (versión 2026) que se difundirá durante el verano de 2026. Tenga en cuenta que la lista de especies difundida en estos conjuntos de datos podría no ajustarse completamente a la ASFIS (versión 2026) debido a las diferencias en los calendarios de publicación. Para obtener más información sobre la lista de la ASFIS y la clasificación ISSCAAP, visite https://www.fao.org/fishery/en/collection/asfis.

La producción acuícola se clasifica según tres entornos de cultivo: agua dulce, agua salobre y agua marina:

• Se entiende por agua dulce aquella con una salinidad prácticamente nula.

• Se entiende por agua salobre aquella cuya salinidad es apreciable, pero no alcanza un nivel alto constante. Se caracteriza generalmente por fluctuaciones diarias y estacionales regulares de la salinidad debido a la entrada de agua dulce y agua marina en su máxima concentración. Las masas de agua costeras e interiores cerradas, cuya salinidad es mayor que la del agua dulce pero menor que la del agua marina, también se consideran salobres.

• Se entiende por agua marina aquella cuya salinidad es máxima y no presenta variaciones diarias ni estacionales significativas.

La producción acuícola también se clasifica según la zona (interior o marina) donde se realiza. Estas zonas se dividen en ocho áreas pesqueras continentales principales y 19 [áreas pesqueras marinas principales](https://www.fao.org/cwp-on-fishery-statistics/handbook/general-concepts/main-water-areas/es/), establecidas internacionalmente con fines estadísticos pesqueros.

Los conceptos y estándares estadísticos relacionados con la acuicultura se encuentran disponibles en el [Manual de Estadísticas Pesqueras del Grupo de Trabajo Coordinador sobre Estadísticas Pesqueras (CWP)](https://www.fao.org/cwp-on-fishery-statistics/handbook/es/).","La production aquacole comprend les animaux, les plantes et les micro-organismes aquatiques récoltés grâce aux activités aquacoles, qu'elles soient marines ou terrestres.

L'aquaculture est l'élevage d'organismes aquatiques, notamment de poissons, de mollusques, de crustacés et de plantes aquatiques (algues marines et autres algues: macroalgues, microalgues et cyanobactéries). L'élevage implique une forme d'intervention afin d'améliorer la production, comme le réempoissonnement régulier, l'alimentation, la protection contre les prédateurs, etc. L'élevage implique également la propriété individuelle ou en société du stock cultivé. À des fins statistiques, les organismes aquatiques récoltés par une personne physique ou morale qui en a été propriétaire tout au long de leur période d'élevage relèvent de l'aquaculture, tandis que les organismes aquatiques exploitables par le public en tant que ressource commune, avec ou sans permis approprié, relèvent de la production halieutique.

Les poissons, crustacés, mollusques et tous les autres organismes aquatiques inclus dans l'ensemble de données ont été classés selon environ 770 espèces commerciales, elles-mêmes réparties dans les 50 groupes d'espèces constituant les neuf divisions de la Classification statistique internationale type des animaux et des plantes aquatiques (CSITAPA) de la FAO, en fonction de leurs caractéristiques taxonomiques, écologiques et économiques. Les descripteurs des codes taxonomiques sont tirés de la « La liste ASFIS des espèces pour les besoins des statistiques des pêches » (version 2026) qui sera diffusée durant l'été 2026. Veuillez noter que la liste des espèces diffusée dans ces jeux de données peut ne pas être entièrement conforme à l'ASFIS (version 2026) en raison de différences dans les calendriers de publication. Pour plus d'informations sur la liste ASFIS et la classification CSITAPA, veuillez consulter le site : https://www.fao.org/fishery/fr/collection/asfis. 

La production aquacole est rapportée selon trois milieux d'élevage : eau douce, eau saumâtre et eau de mer :

• Par eau douce, on entend les eaux dont la salinité est constamment négligeable.

• Par eau saumâtre, on entend les eaux dont la salinité est appréciable, mais non constamment élevée. Elle est généralement caractérisée par des fluctuations quotidiennes et saisonnières régulières de la salinité, dues aux apports d'eau douce et d'eau de mer. Les plans d'eau côtiers et intérieurs fermés dont la salinité est supérieure à celle de l'eau douce, mais inférieure à celle de l'eau de mer, sont également considérés comme saumâtres.

• Par eau de mer, on entend les eaux côtières et hauturières où la salinité est maximale et ne subit pas de variations quotidiennes et saisonnières significatives.

La production de l'aquaculture est également classée selon la zone d'eaux intérieures ou marines où l'élevage a eu lieu. Ces zones sont réparties en huit principales zones de pêche continentales selon la FAO et 19 principales [zones de pêche](https://www.fao.org/cwp-on-fishery-statistics/handbook/general-concepts/main-water-areas/fr) maritime de la FAO, établies internationalement à des fins statistiques sur les pêches.

Les concepts et normes statistiques relatifs aux statistiques de l'aquaculture sont disponibles dans le [Manuel des statistiques des pêches du Groupe de travail chargé de coordonner les statistiques des pêches (CWP)](https://www.fao.org/cwp-on-fishery-statistics/handbook/fr).","2024"
"05.5","1","The list of countries and the geographical classification are primarily based on the UN ""[Standard country or area codes for statistical use](https://unstats.un.org/unsd/methodology/m49/)"".
Additional country classifications available in the released workspace of this dataset available in FishStatJ or online query panel are based on a variety of sources. Here below the main ones:

• [Least Developed Countries (LDC) (version 2024)](https://www.un.org/development/desa/dpad/wp-content/uploads/sites/45/publication/ldc_list.pdf)

• [Low-Income Food-Deficit Countries (LIFDCs) (2023 revision)](https://www.fao.org/countryprofiles/lifdc/en/)

• [Landlocked Developing Countries (LLDCs)](https://unctad.org/topic/landlocked-developing-countries/list-of-LLDCs)

• [Small Island Developing States (SIDS)](https://www.un.org/ohrlls/content/list-sids)

• [Net Food-Importing Developing Countries (NFIDC) (2024 revision)](https://docs.wto.org/dol2fe/Pages/SS/directdoc.aspx?filename=q:/G/AG/5R12.pdf&Open=True)

• [The classification of the World Bank by income (2025 revision)](https://datahelpdesk.worldbank.org/knowledgebase/articles/906519-world-bank-country-and-lending-groups)

The term “country"" or ""country or area” as used in the dataset also covers territories, cities and land areas, as well as provinces, districts, enclaves and other parts of territories or combinations of countries or areas such as economic or customs unions. Country or area names and designations are subject to nationally announced changes. Name changes announced recently may not have been incorporated in this dataset release but will be reflected in future ones. The designations employed and the presentation of material in this dataset do not imply the expression of any opinion whatsoever on the part of FAO concerning the legal or development status of any country, territory, city or area or of its authorities, or concerning the delimitation of its frontiers or boundaries.

Specific notes on geographical coverage: 

1) Information provided by Ukraine excludes statistical data concerning the Autonomous Republic of Crimea, the city of Sevastopol and the Donetsk, Luhansk, Kherson and Zaporizhzhia regions. The information is presented without prejudice to relevant UN General Assembly and UN Security Council resolutions, which reaffirm the territorial integrity of Ukraine. 

2) Information provided by the Russian Federation includes statistical data for the Autonomous Republic of Crimea and the city of Sevastopol, Ukraine, temporarily occupied by the Russian Federation.

3) Data for countries that belonged to the former Union of Soviet Socialist Republics (former USSR) are available as a single aggregate until 1991. 

4) For statistical purposes, the data for China do not include China, Hong Kong SAR, China, Macao SAR and Taiwan Province of China, which are presented separately. Therefore, “China” refers to China’s mainland only.

5) Detailed country or area notes are available inside the global fisheries and aquaculture production workspace in FishStatJ.","","","2023"
"05.5","1","The list of countries and the geographical classification are primarily based on the UN ""[Standard country or area codes for statistical use](https://unstats.un.org/unsd/methodology/m49/)"".
Additional country classifications available in the released workspace of this dataset available in FishStatJ or online query panel are based on a variety of sources. Here below the main ones:

• [Least Developed Countries (LDC) (version 2024)](https://www.un.org/development/desa/dpad/wp-content/uploads/sites/45/publication/ldc_list.pdf)

• [Low-Income Food-Deficit Countries (LIFDCs) (2026 revision)](https://www.fao.org/countryprofiles/lifdc/en/)

• [Landlocked Developing Countries (LLDCs)](https://unctad.org/topic/landlocked-developing-countries/list-of-LLDCs)

• [Small Island Developing States (SIDS)](https://www.un.org/ohrlls/content/list-sids)

• [Net Food-Importing Developing Countries (NFIDC) (2024 revision)](https://docs.wto.org/dol2fe/Pages/SS/directdoc.aspx?filename=q:/G/AG/5R12.pdf&Open=True)

• [The classification of the World Bank by income (2026 revision)](https://datahelpdesk.worldbank.org/knowledgebase/articles/906519-world-bank-country-and-lending-groups)

The term “country"" or ""country or area” as used in the dataset also covers territories, cities and land areas, as well as provinces, districts, enclaves and other parts of territories or combinations of countries or areas such as economic or customs unions. Country or area names and designations are subject to nationally announced changes. Name changes announced recently may not have been incorporated in this dataset release but will be reflected in future ones. The designations employed and the presentation of material in this dataset do not imply the expression of any opinion whatsoever on the part of FAO concerning the legal or development status of any country, territory, city or area or of its authorities, or concerning the delimitation of its frontiers or boundaries.

Specific notes on geographical coverage: 

1) Information provided by Ukraine excludes statistical data concerning the Autonomous Republic of Crimea, the city of Sevastopol and the Donetsk, Luhansk, Kherson and Zaporizhzhia regions. The information is presented without prejudice to relevant UN General Assembly and UN Security Council resolutions, which reaffirm the territorial integrity of Ukraine. 

2) Information provided by the Russian Federation includes statistical data for the Autonomous Republic of Crimea and the city of Sevastopol, Ukraine, temporarily occupied by the Russian Federation.

3) Data for countries that belonged to the former Union of Soviet Socialist Republics (former USSR) are available as a single aggregate until 1991. 

4) For statistical purposes, the data for China do not include China, Hong Kong SAR, China, Macao SAR and Taiwan Province of China, which are presented separately. Therefore, “China” refers to China’s mainland only.

5) Detailed country or area notes are available inside the global fisheries and aquaculture production workspace in FishStatJ.","La lista de países y la clasificación geográfica se basan principalmente en los [códigos estándar de países o áreas para uso estadístico de la ONU](https://unstats.un.org/unsd/methodology/m49/).

Las clasificaciones adicionales de países disponibles en el espacio de trabajo de este conjunto de datos, accesible en FishStatJ o en el panel de consulta en línea, se basan en diversas fuentes. A continuación, las principales:

• [Países Menos Adelantados (PMA) (versión 2024)](https://www.un.org/development/desa/dpad/wp-content/uploads/sites/45/publication/ldc_list.pdf)

• [Países de Bajos Ingresos con Déficit Alimentario (PABD) (revisión 2026)](https://www.fao.org/countryprofiles/lifdc/en/)

• [Países en Desarrollo sin Litoral (PDSL)](https://unctad.org/topic/landlocked-developing-countries/list-of-LLDC)

• [Pequeños Estados Insulares en Desarrollo (PEID)](https://www.un.org/ohrlls/content/list-sids)

• [Países en Desarrollo Importadores Netos de Alimentos (PDIF) (Revisión 2024)](https://docs.wto.org/dol2fe/Pages/SS/directdoc.aspx?filename=q:/G/AG/5R12.pdf&Open=True)

• [Clasificación del Banco Mundial por ingresos (revisión de 2026)](https://datahelpdesk.worldbank.org/knowledgebase/articles/906519-world-bank-country-and-lending-groups)

El término «país» o «país o área», tal como se utiliza en el conjunto de datos, abarca territorios, ciudades y áreas terrestres, así como provincias, distritos, enclaves y otras partes de territorios o combinaciones de países o áreas, como uniones económicas o aduaneras. Los nombres y designaciones de países o áreas están sujetos a cambios anunciados a nivel nacional. Es posible que los cambios de nombre anunciados recientemente no se hayan incorporado en esta versión del conjunto de datos, pero se reflejarán en futuras versiones. Las denominaciones empleadas y la presentación del material en este conjunto de datos no implican la expresión de opinión alguna por parte de la FAO sobre la situación jurídica o de desarrollo de ningún país, territorio, ciudad o zona, ni sobre sus autoridades, ni sobre la delimitación de sus fronteras.

Notas específicas sobre la cobertura geográfica:

1) La información proporcionada por Ucrania excluye los datos estadísticos relativos a la República Autónoma de Crimea, la ciudad de Sebastopol y las regiones de Donetsk, Lugansk, Jersón y Zaporiyia. Esta información se presenta sin perjuicio de las resoluciones pertinentes de la Asamblea General y del Consejo de Seguridad de las Naciones Unidas, que reafirman la integridad territorial de Ucrania.

2) La información proporcionada por la Federación de Rusia incluye datos estadísticos de la República Autónoma de Crimea y la ciudad de Sebastopol, Ucrania, ocupada temporalmente por la Federación de Rusia.

3) Los datos de los países que pertenecieron a la antigua Unión de Repúblicas Socialistas Soviéticas (antigua URSS) están disponibles como un único agregado hasta 1991.

4) A efectos estadísticos, los datos de China no incluyen China, la RAE de Hong Kong, China, la RAE de Macao ni la provincia china de Taiwán, que se presentan por separado. Por lo tanto, «China» se refiere únicamente a la China continental.

5) En el espacio de trabajo global de producción pesquera y acuícola de FishStatJ se encuentran disponibles notas detalladas sobre países o regiones.","La liste des pays et la classification géographique sont principalement basées sur les [« Codes standard des pays et des zones à usage statistique » des Nations Unies](https://unstats.un.org/unsd/methodology/m49/). D'autres classifications de pays, disponibles dans l'espace de travail de cet ensemble de données accessible via FishStatJ ou le panneau de requête en ligne, proviennent de diverses sources. Voici les principales catégories :

• [Pays les moins avancés (PMA) (version 2024)](https://www.un.org/development/desa/dpad/wp-content/uploads/sites/45/publication/ldc_list.pdf)

• [Pays à faible revenu et à déficit vivrier (PFRDV) (révision 2026)](https://www.fao.org/member-countries/lifdc/fr)

• [Pays en développement sans littoral (PDSL)](https://unctad.org/topic/landlocked-developing-countries/list-of-LLDCs)

• [Petits États insulaires en développement (PEID)](https://www.un.org/ohrlls/content/list-sids)

• [Pays en développement importateurs nets de produits alimentaires (PDNIPA) (révision 2024)](https://docs.wto.org/dol2fe/Pages/SS/directdoc.aspx?filename=q:/G/AG/5R12.pdf&Open=True)

• [Classification de la Banque mondiale par revenu (révision 2026)](https://datahelpdesk.worldbank.org/knowledgebase/articles/906519-world-bank-country-and-lending-groups)

Le terme « pays » ou « pays ou zone », tel qu’il est utilisé dans l’ensemble de données, couvre également les territoires, les villes et les superficies, ainsi que les provinces, les districts, les enclaves et autres parties de territoires ou regroupements de pays ou de zones, tels que les unions économiques ou douanières. Les noms et désignations des pays ou zones sont susceptibles d’être modifiés au niveau national. Les changements de noms annoncés récemment peuvent ne pas avoir été intégrés à cette version de l’ensemble de données, mais le seront dans les versions ultérieures. Les appellations employées et la présentation des données figurant dans cet ensemble n'impliquent de la part de la FAO aucune prise de position quant au statut juridique ou de développement d'un pays, territoire, ville ou zone, ou de ses autorités, ni quant à la délimitation de ses frontières.

Notes spécifiques sur la couverture géographique :

1) Les informations fournies par l'Ukraine excluent les données statistiques relatives à la République autonome de Crimée, à la ville de Sébastopol et aux régions de Donetsk, Louhansk, Kherson et Zaporijia. Ces informations sont présentées sans préjudice des résolutions pertinentes de l'Assemblée générale et du Conseil de sécurité des Nations Unies, qui réaffirment l'intégrité territoriale de l'Ukraine.

2) Les informations fournies par la Fédération de Russie incluent les données statistiques relatives à la République autonome de Crimée et à la ville de Sébastopol (Ukraine), temporairement occupée par la Fédération de Russie. 

3) Les données relatives aux pays ayant appartenu à l'ex-Union des républiques socialistes soviétiques (ex-URSS) sont disponibles sous forme d'agrégat unique jusqu'en 1991.

4) À des fins statistiques, les données relatives à la Chine n'incluent pas la Chine continentale, Hong Kong, Macao et Taïwan, qui sont présentées séparément. Par conséquent, le terme « Chine » désigne uniquement la Chine continentale.

5) Des notes détaillées par pays ou zone sont disponibles dans l'espace de travail « Statistiques mondiales des captures et de production de l’aquaculture de la FAO » de FishStatJ.","2024"
"05.6","1","From 1950 to 2023 for quantities; from 1984 to 2023 for values","1950-2023 para las cantidades y 1984-2023 para los valores","1950-2023 pour les quantités et 1984-2023 pour les valeurs","2023"
"05.6","1","From 1950 to 2024 for quantities; from 1984 to 2024 for values","1950-2024 para las cantidades y 1984-2024 para los valores","De 1950 à 2024 pour les quantités ; de 1984 à 2024 pour les valeurs","2024"
"05.7","1","Not applicable","No aplica","Pas applicable","2024"
"06","1","Production of fish, crustaceans and molluscs are expressed in live weight, that is the nominal weight of the aquatic organisms at the time of harvest. Production of aquatic plants is given in wet weight. Data are expressed in tonnes (=1000 kg). The value of aquaculture, converted from local currencies, is reported in thousands US dollars using appropriate exchange rates and is expressed in nominal terms.","La producción de peces, crustáceos y moluscos se expresan en peso en vivo, es decir el peso nominal de los organismos acuáticos en el momento de la captura. La producción de plantas acuáticas se indica en peso en húmedo.
Las cantidades se expresan en toneladas (=1000 kg). El valor de la acuicultura, convertido a partir de las monedas nacionales, se indica en miles de dólares EE.UU. utilizando los tipos de cambio apropiados apropiados y se expresa en términos nominales. La conversión se realiza aplicando tasas de cambio promedio anuales de la base de datos del Fondo Monetario Internacional (FMI).","La production de poissons, de crustacés et de mollusques est exprimée en poids vif, c'est-à-dire le poids nominal des organismes aquatiques au moment de la récolte. La production de plantes aquatiques est exprimée en poids humide. Les données sont exprimées en tonnes (1 000 kg). La valeur de l'aquaculture, convertie à partir des monnaies locales, est exprimée en milliers de dollars américains à l'aide des taux de change appropriés et est exprimée en termes nominaux.","2024"
"07","1","The annual period used is the calendar year (1 January-31 December), with the exceptions of some countries for which a split-year is used. Split-year data are shown under the calendar year in which the split-year ends.","El período anual utilizado es el año civil (1 de enero-31 de diciembre), excepto para algunos países para los que se utiliza el año emergente. Los datos correspondientes a los años emergentes se incluyen en el año civil en que termina el año emergente.","La période annuelle utilisée correspond à l'année civile (du 1er janvier au 31 décembre), sauf pour certains pays où une année fractionnée est appliquée. Les données relatives aux années fractionnées sont présentées sous l'année civile au cours de laquelle l'année fractionnée prend fin.","2024"
"08.1","1","[Article I of the FAO Constitution](https://www.fao.org/3/x5584e/x5584e0i.htm) requires the Organization to collect, analyze, interpret and disseminate information relating to nutrition, food and agriculture (FAO, 1945).","El [Artículo I de la Constitución de la FAO](https://www.fao.org/3/x5584e/x5584e0i.htm) exige a la Organización recopilar, analizar, interpretar y difundir información relacionada con la nutrición, la alimentación y la agricultura (FAO, 1945).","L’[article I de l’Acte constitutif de la FAO](https://www.fao.org/4/x5584fr/x5584fr.pdf#page=112) exige de l’Organisation qu’elle collecte, analyse, interprète et diffuse des informations relatives à la nutrition, à l’alimentation et à l’agriculture (FAO, 1945).","2024"
"08.2","1","These statistics are drawn primarily from official data from countries and territories, who have primary responsibility for data collection. FAO collects data from countries annually through questionnaires specific to each dataset and each country.","Estas estadísticas se basan principalmente en datos oficiales de los países y territorios, quienes tienen la responsabilidad principal de recopilarlos. La FAO recopila datos de los países anualmente mediante cuestionarios específicos para cada conjunto de datos y cada país.","Ces statistiques sont principalement issues de données officielles des pays et territoires, qui sont principalement responsables de la collecte des données. La FAO collecte des données auprès des pays chaque année au moyen de questionnaires spécifiques à chaque ensemble de données et à chaque pays.","2024"
"09.1","1","FAO data and statistics are produced in accordance with FAO Policy on Data Protection and the implementation modalities of FAO SDQAF Principle 4 on Data protection and Statistical Confidentiality.","Los datos y las estadísticas de la FAO se elaboran de conformidad con la Política de la FAO sobre protección de datos y las modalidades de aplicación del Principio 4 del Marco de Evaluación de la Calidad y Seguridad de la Información de la FAO (SDQAF) sobre protección de datos y confidencialidad estadística.","Les données et statistiques de la FAO sont produites conformément à la Politique de la FAO relative à la protection des données et aux modalités de mise en œuvre du principe 4 du SDQAF de la FAO relatif à la protection des données et à la confidentialité statistique.","2024"
"09.2","1","If any, confidential data are not disseminated by FAO as such. Suppressed confidential data are marked in the database with SDMX flag “Q - Missing value; suppressed”.","Cuando corresponda, la FAO no divulga datos confidenciales tal cual. Los datos confidenciales eliminados se marcan en la base de datos con el indicador SDMX ""Q - Valor faltante; eliminado"".","Le cas échéant, les données confidentielles ne sont pas diffusées en tant que telles par la FAO. Les données confidentielles supprimées sont marquées dans la base de données par l'indicateur SDMX « Q - Valeur manquante ; Supprimée ».","2024"
"09.3","1","Not applicable","No aplica","Pas applicable","2024"
"10.1","1","FAO FishStat data releases follow a release calendar available publicly at the main [FAO FishStat page]( https://www.fao.org/fishery/en/fishstat).
Global fisheries and aquaculture production data for the most recent available year are disseminated annually in March.","Las publicaciones de datos de FAO FishStat siguen un calendario de publicación disponible públicamente en la página principal de [FAO FishStat](https://www.fao.org/fishery/es/fishstat).
Los datos mundiales de producción pesquera y acuícola del año más reciente disponible se difunden anualmente en marzo.","Les données de FAO FishStat sont publiées selon un calendrier accessible au public sur la page principale de [FAO FishStat]( https://www.fao.org/fishery/fr/fishstat).
Les données mondiales sur la production halieutique et aquacole pour l’année la plus récente disponible sont diffusées chaque année en mars.","2024"
"10.2","1","[Release calendar](https://www.fao.org/fishery/services/storage/fs/fishery/documents/fishstat/FishStatReleaseCalendar.pdf)","[Calendario de publicaciones](https://www.fao.org/fishery/services/storage/fs/fishery/documents/fishstat/FishStatReleaseCalendar.pdf)","[Calendrier de publication](https://www.fao.org/fishery/services/storage/fs/fishery/documents/fishstat/FishStatReleaseCalendar.pdf)","2024"
"10.3","1","This data domain is disseminated according to FAO's Open Data Licensing for Statistical Databases Policy, under the [Creative Commons Attribution 4.0 International license (CC-BY 4.0)](https://creativecommons.org/licenses/by/4.0/) and are subject to [FAO Statistical Database Terms of Use](https://www.fao.org/contact-us/terms/db-terms-of-use/en/].","Este dominio de datos se difunde de acuerdo con la Política de Licencias de Datos Abiertos para Bases de Datos Estadísticas de la FAO, bajo la licencia [Creative Commons Attribution 4.0 International(CC-BY 4.0)[(https://creativecommons.org/licenses/by/4.0/) y está sujeto a los [Términos de Uso de Bases de Datos Estadísticas de la FAO](https://www.fao.org/contact-us/terms/db-terms-of-use/es/).","Ce domaine de données est diffusé conformément à la politique de la FAO en matière de licences de données ouvertes pour les bases de données statistiques, sous la licence [Creative Commons Attribution 4.0 International (CC-BY 4.0)](https://creativecommons.org/licenses/by/4.0/), et est soumis aux [Conditions d’utilisation des bases de données statistiques de la FAO](https://www.fao.org/contact-us/terms/db-terms-of-use/fr/).","2024"
"10.4","1","[https://creativecommons.org/licenses/by/4.0/](https://creativecommons.org/licenses/by/4.0/)","[https://creativecommons.org/licenses/by/4.0/](https://creativecommons.org/licenses/by/4.0/)","[https://creativecommons.org/licenses/by/4.0/](https://creativecommons.org/licenses/by/4.0/)","2024"
"11","1","Yearly","Anual","Annuelle","2024"
"12.1","1","Not applicable","No aplica","Pas applicable","2024"
"12.2","1","[FAO Fishery and Aquaculture Statistical Yearbook](https://doi.org/10.4060/cd4312en)","[FAO Anuario - Estadísticas de pesca y acuicultura](https://doi.org/10.4060/cd4312en)","[FAO Annuaire - Statistiques des pêches et de l'aquaculture](https://doi.org/10.4060/cd4312en)","2023"
"12.2","1","[FAO Fishery and Aquaculture Statistical Yearbook](https://www.fao.org/cwp-on-fishery-statistics/handbook/tools-and-resources/list-of-fao-yearbooks-of-fishery-statistics/en/)","[FAO Anuario - Estadísticas de pesca y acuicultura](https://www.fao.org/cwp-on-fishery-statistics/handbook/tools-and-resources/list-of-fao-yearbooks-of-fishery-statistics/en/)","[FAO Annuaire - Statistiques des pêches et de l'aquaculture](https://www.fao.org/cwp-on-fishery-statistics/handbook/tools-and-resources/list-of-fao-yearbooks-of-fishery-statistics/en/)","2024"
"12.3","1","[Global Aquaculture Production](https://www.fao.org/fishery/en/collection/aquaculture)","[Producción mundial de acuicultura](https://www.fao.org/fishery/es/collection/aquaculture)","[Production mondiale de l'aquaculture](https://www.fao.org/fishery/fr/collection/aquaculture)","2024"
"12.4","1","Not applicable","No aplica","Pas applicable","2024"
"12.5","1","This dataset can be consulted through different [tools and formats](https://www.fao.org/fishery/en/collection/aquaculture)","Este conjunto de datos se puede consultar a través de diferentes [herramientas y formatos](https://www.fao.org/fishery/es/collection/aquaculture)","Cet ensemble de données peut être consulté à travers différents [outils et formats](https://www.fao.org/fishery/fr/collection/aquaculture)","2024"
"12.6","1","National reference metadata are submitted by some countries, but these are not yet disseminated by FAO. Information on the methodology followed is available in the Annex 2 ""Methodological notes and glossary"" of the [FAO Yearbook Fishery and Aquaculture Statistics](https://doi.org/10.4060/cd4312en)","","","2023"
"12.6","1","National reference metadata are submitted by some countries, but these are not yet disseminated by FAO. Information on the methodology followed is available in the Annex 2 ""Methodological notes and glossary"" of the [FAO Yearbook Fishery and Aquaculture Statistics](https://doi.org/10.4060/cd6788en)","Algunos países presentan metadatos de referencia nacionales, pero la FAO aún no los difunde. La información sobre la metodología empleada se encuentra en el Anexo 2, «Notas metodológicas y glosario», del [Anuario de Estadísticas de Pesca y Acuicultura de la FAO](https://doi.org/10.4060/cd6788en).","Certains pays ont soumis des métadonnées de référence nationales, mais celles-ci ne sont pas encore diffusées par la FAO. Des informations sur la méthodologie suivie sont disponibles à l'annexe 2 « Notes méthodologiques et glossaire » de l'[Annuaire statistique des pêches et de l'aquaculture de la FAO](https://doi.org/10.4060/cd6788en).","2024"
"13.1","1","The main users are FAO analysts, other international organizations, ministries and government agencies, agro-industry, trade and professional associations, research institutes and universities, journalists and the general public. According to the 2023 FishStat database user consultation, researchers are the largest user group, accounting for almost 32 percent of total respondents, followed by students and educators (around 25 percent), while users from private companies represent a share of 15 percent. The objectives of these users vary, but fishery and aquaculture production statistics are especially useful for market management/monitoring, production forecasts and policy-making in the sector. FAO is not aware of unmet needs. Users are encouraged to contact the dataset owner for resolving more specific queries that are not addressed elsewhere in these metadata.","Los principales usuarios son analistas de la FAO, otras organizaciones internacionales, ministerios y agencias gubernamentales, la agroindustria, asociaciones comerciales y profesionales, institutos de investigación y universidades, periodistas y el público en general. Según la consulta a los usuarios de la base de datos FishStat de 2023, los investigadores constituyen el grupo más numeroso, con casi el 32 % del total de encuestados, seguidos por estudiantes y educadores (alrededor del 25 %), mientras que los usuarios de empresas privadas representan el 15 %. Los objetivos de estos usuarios son diversos, pero las estadísticas de producción pesquera y acuícola resultan especialmente útiles para la gestión y el seguimiento del mercado, las previsiones de producción y la formulación de políticas en el sector. La FAO no tiene conocimiento de necesidades no cubiertas. Se anima a los usuarios a ponerse en contacto con el responsable del conjunto de datos para resolver consultas más específicas que no se aborden en estos metadatos.","Les principaux utilisateurs sont les analystes de la FAO, d'autres organisations internationales, les ministères et les agences gouvernementales, l'agro-industrie, les associations professionnelles et commerciales, les instituts de recherche et les universités, les journalistes et le grand public. Selon la consultation des utilisateurs de la base de données FishStat de 2023, les chercheurs constituent le groupe d'utilisateurs le plus important, représentant près de 32 % du total des répondants. Les étudiants et les enseignants constituent le deuxième plus grand groupe (environ 25 %), tandis que les utilisateurs d'entreprises privées représentent 15 %. Leurs objectifs sont variés, mais les statistiques de production halieutique et aquacole sont particulièrement utiles pour la gestion et le suivi des marchés, les prévisions de production et l'élaboration de politiques dans le secteur. La FAO n'a pas connaissance de besoins non satisfaits. Les utilisateurs sont invités à contacter le propriétaire des données pour toute question plus spécifique qui ne serait pas abordée dans ces métadonnées.","2024"
"13.2","1","The latest quality review is the FishStat database user consultation took place during July-December 2023. About 93 percent of returning users agreed that the FishStat database was adequate for their purpose. As for compliance of the data with the FAO SDQAF quality dimensions, the overall percentage of satisfied  responses was about 81 percent, while the percentage of fully satisfied users simultaneously across all the 5 quality dimensions was 53 percent. The percentage of fully satisfied users is defined as the share of respondents who selected “agree” or “strongly agree” simultaneously across all the different 5 SDQAF dimensions.","La última revisión de calidad, la consulta a los usuarios de la base de datos FishStat, se realizó entre julio y diciembre de 2023. Aproximadamente el 93 % de los usuarios que participaron coincidieron en que la base de datos FishStat era adecuada para sus fines. En cuanto a la conformidad de los datos con las dimensiones de calidad del Marco de Cualificaciones de Datos y Seguridad (SDQAF) de la FAO, el porcentaje general de respuestas satisfactorias fue de aproximadamente el 81 %, mientras que el porcentaje de usuarios plenamente satisfechos en las cinco dimensiones de calidad fue del 53 %. El porcentaje de usuarios plenamente satisfechos se define como la proporción de encuestados que seleccionaron ""de acuerdo"" o ""totalmente de acuerdo"" simultáneamente en las cinco dimensiones del SDQAF.","La dernière évaluation de la qualité, la consultation des utilisateurs de la base de données FishStat, s'est déroulée de juillet à décembre 2023. Environ 93 % des utilisateurs réguliers ont estimé que la base de données FishStat répondait à leurs besoins. Concernant la conformité des données aux dimensions de qualité du SDQAF de la FAO, le pourcentage global de réponses positives était d'environ 81 %, tandis que le pourcentage d'utilisateurs pleinement satisfaits simultanément pour l'ensemble des 5 dimensions de qualité était de 53 %. Le pourcentage d'utilisateurs pleinement satisfaits correspond à la proportion de répondants ayant sélectionné « d'accord » ou « tout à fait d'accord » simultanément pour les 5 dimensions du SDQAF.","2024"
"13.3","1","The availability of official data reported by countries varies widely. Whenever national offices failed to report their annual  aquaculture statistics in time for the dissemination of the dataset, FAO estimated the quantities and values on the basis of other available information using approved methodologies in order to create a comprehensive global dataset. These estimates enable meaningful aggregates at the global, regional and national levels. 

In terms of species, FAO tries to collate and disseminate data at the most detailed level available. However, several countries still report their production by large groups of species. In these circumstances the data presented by individual species items may, in some cases, be underestimated. Therefore, when examining the statistics for a particular species, it should be noted that an unknown proportion of the production for that species might have been reported by the national office under the generic, family or order name of the species, or higher levels of aggregation such as “Marine water fishes NEI” or “Freshwater fishes NEI”. Consequently, species item totals may underestimate the real production of the individual species.","La disponibilidad de datos oficiales reportados por los países varía considerablemente. Cuando las oficinas nacionales no reportaron sus estadísticas anuales de acuicultura a tiempo para la difusión del conjunto de datos, la FAO estimó las cantidades y los valores con base en otra información disponible, utilizando metodologías aprobadas para crear un conjunto de datos global integral. Estas estimaciones permiten realizar agregaciones significativas a nivel mundial, regional y nacional.

En cuanto a las especies, la FAO procura recopilar y difundir datos al nivel de detalle más alto disponible. Sin embargo, varios países aún reportan su producción por grandes grupos de especies. En estas circunstancias, los datos presentados para cada especie individual pueden, en algunos casos, estar subestimados. Por lo tanto, al examinar las estadísticas de una especie en particular, debe tenerse en cuenta que una proporción desconocida de la producción de esa especie podría haber sido reportada por la oficina nacional bajo el nombre genérico, de familia u orden de la especie, o niveles de agregación superiores como ""Peces de agua marina NEP"" o ""Peces de agua dulce NEP"". En consecuencia, los totales por especie pueden subestimar la producción real de cada especie.","La disponibilité des données officielles communiquées par les pays varie considérablement. Lorsque les offices nationaux n'ont pas transmis leurs statistiques annuelles sur l'aquaculture à temps pour la diffusion de l'ensemble de données, la FAO a estimé les quantités et les valeurs à partir d'autres informations disponibles, en utilisant des méthodologies approuvées, afin de constituer un ensemble de données mondial exhaustif. Ces estimations permettent d'établir des agrégats pertinents aux niveaux mondial, régional et national.

En ce qui concerne les espèces, la FAO s'efforce de rassembler et de diffuser des données au niveau de détail le plus fin possible. Cependant, plusieurs pays continuent de déclarer leur production par grands groupes d'espèces. Dans ces circonstances, les données présentées pour chaque espèce peuvent, dans certains cas, être sous-estimées. Par conséquent, lors de l'examen des statistiques relatives à une espèce particulière, il convient de noter qu'une proportion inconnue de la production de cette espèce a pu être déclarée par l'office national sous le nom générique, la famille ou l'ordre de l'espèce, ou à des niveaux d'agrégation supérieurs tels que « Poissons marins NCA » ou « Poissons d’eau douce NCA ». En conséquence, les totaux par espèce peuvent sous-estimer la production réelle de chaque espèce.","2024"
"14.1","1","The share of estimated/inputted data is about 16 percent of the total. Quality of the data varies according to the country, in particular in reference to the granularity of the detail by species. Overall, this granularity has improved significantly from 660 species items in the early 1950s to over 740 species items in 2023. On the other hand still 20 percent of the production is not reported at species level, but in broader groups, at family or higher taxonomic level.","","","2023"
"14.1","1","The share of inputted data (""I"") is about 4 percent of the total quantities. Quality of the data varies according to the country, in particular in reference to the granularity of the detail by species. Overall, this granularity has improved significantly from about 80 species items in the early 1950s to almost 770 species items in 2024. On the other hand, 20 percent of the production is still not reported at species level, but in broader groups, at family or higher taxonomic level.","La proporción de datos introducidos (""I"") es de aproximadamente el 4 % del total de cantidades. La calidad de los datos varía según el país, en particular en lo que respecta al nivel de detalle por especie. En general, este nivel de detalle ha mejorado significativamente, pasando de aproximadamente 80 especies a principios de la década de 1950 a casi 770 especies en 2024. Por otro lado, todavía el 20 % de la producción no se registra a nivel de especie, sino en grupos más amplios, a nivel de familia o taxonómico superior.","La part des données imputées (""I"") représente environ 4 % du total des quantités. La qualité des données varie selon les pays, notamment en ce qui concerne le niveau de détail par espèce. Globalement, ce niveau de détail s'est considérablement amélioré, passant d'environ 80 espèces répertoriées au début des années 1950 à presque 770 en 2024. En revanche, 20 % de la production n'est toujours pas déclarée au niveau de l'espèce, mais par groupes plus larges, au niveau de la famille ou à un niveau taxonomique supérieur.","2024"
"14.2","1","Not applicable","No aplica","Pas applicable","2024"
"14.3","1","Inputation rate: 16 percent in 2023.","","","2023"
"14.3","1","Imputation rate (quantities): 4 percent in 2024.","Tasa de imputación (cantidades): 4 por ciento en 2024.","Taux d’imputation (quantités): 4 pour cent en 2024.","2024"
"14.4","1","Prefilled questionnaires are sent out with reported data for the previous seven years, which countries are asked to revise when they report data for the new production year.","Se envían cuestionarios prellenados con los datos reportados de los siete años anteriores, y se solicita a los países que revisen dichos datos cuando los presenten para el nuevo año de producción.","Des questionnaires préremplis contenant les données déclarées pour les sept années précédentes sont envoyés aux pays. Ceux-ci sont invités à réviser les données (si nécessaire) lorsqu’ils soumettent des données pour la nouvelle année de production.","2024"
"14.5","1","Countries regularly revise their official statistics for past periods as well as for the latest reporting year. Estimates/imputations done by FAO might be also revised on the basis of more accurate information. 
When previously published data are revised, they are disseminated concurrently with the new data release. Therefore, users are advised to refrain from comparing data published in previous releases with the latest one.","Los países revisan periódicamente sus estadísticas oficiales, tanto para periodos anteriores como para el último año de referencia. Las estimaciones y los datos de entrada de la FAO también pueden revisarse en función de información más precisa. Cuando se revisan los datos publicados anteriormente, se difunden simultáneamente con la publicación de los nuevos datos. Por lo tanto, se recomienda a los usuarios que eviten comparar los datos publicados en versiones anteriores con los de la última versión.","Les pays révisent régulièrement leurs statistiques officielles, tant pour les périodes antérieures que pour la dernière année de référence. Les estimations et imputations par la FAO peuvent également être révisées sur la base d'informations plus précises. Lorsque des données publiées antérieurement sont révisées, elles sont diffusées simultanément avec la nouvelle publication. Il est donc conseillé aux utilisateurs de ne pas comparer les données publiées dans les versions précédentes avec les plus récentes.","2024"
"15.1","1","The deadline for submitting aquaculture data to FAO is usually between 8 to 9 months after the end of the reference year. Data are then normally processed and disseminated within 6 months.","El plazo para presentar los datos de acuicultura a la FAO suele ser de entre 8 y 9 meses después de finalizado el año de referencia. Posteriormente, los datos se procesan y difunden normalmente en un plazo de 6 meses.","Le délai de soumission des données de l'aquaculture à la FAO est généralement de 8 à 9 mois après la fin de l'année de référence. Les données sont ensuite normalement traitées et diffusées dans un délai de 6 mois.","2024"
"15.2","1","The release is according to the schedule of the calendar.","La publicación se realizará según el calendario previsto.","La publication est effectuée conformément au calendrier.","2024"
"16.1","1","Data are mostly comparable between geographical areas, countries or regions. However it should be taken into account that the degree of comparability might be affected by the differences in methods and coverage of data collections between countries, except for regions where countries are bound by regulations mandating harmonized methods, such as European Union countries.","Los datos suelen ser comparables entre áreas geográficas, países o regiones. Sin embargo, conviene tener en cuenta que el grado de comparabilidad puede verse afectado por las diferencias en los métodos y la cobertura de la recopilación de datos entre países, salvo en regiones donde los países están sujetos a normativas que exigen métodos armonizados, como los países de la Unión Europea.","Les données sont généralement comparables entre les zones géographiques, les pays ou les régions. Il convient toutefois de noter que le degré de comparabilité peut être affecté par les différences de méthodes et de couverture des collectes de données entre les pays, sauf dans les régions où les pays sont liés par des réglementations imposant des méthodes harmonisées, comme dans les pays de l’Union européenne.","2024"
"16.2","1","For shorter time periods, reasonably good comparability over time can be expected. However, as the time series might be very long, full comparability over time cannot be expected. Detailed information on data variations and methodological changes is provided in the country notes, available in FishStatJ ""Global fisheries and aquaculture production"" workspace, aquaculture dataset.","Para periodos de tiempo más cortos, cabe esperar una comparabilidad razonablemente buena a lo largo del tiempo. Sin embargo, dado que las series temporales pueden ser muy extensas, no se puede garantizar una comparabilidad total. En las notas sobre cada país, disponibles en el espacio de trabajo ""Producción pesquera y acuícola mundial (conjunto de datos ""Acuicultura"")""  de FishStatJ, se ofrece información detallada sobre las variaciones de los datos y los cambios metodológicos.","Pour les périodes plus courtes, une comparabilité raisonnable dans le temps est attendue. Cependant, les séries chronologiques pouvant être très longues, une comparabilité totale ne peut être garantie. Des informations détaillées sur les variations des données et les changements méthodologiques sont fournies dans les notes par pays, disponibles dans l’espace de travail « Statistiques mondiales des captures et de production de l’aquaculture de la FAO (ensemble de données ""Aquaculture"") » de FishStatJ.","2024"
"16.3","1","FAO aquaculture production statistics are the only global source of this kind and it is not possible to compare them with other data sources or statistical domains. Yet, the use of internationally recognised code lists such as the ""ASFIS list of species items"" and the FAO major fishing areas, help to ensure cross-domain coherence. Production, processed production and trade data have a high cross-domain coherence, as they are used as inputs in the food balance sheets, which serve as an additional validation of the data in a single supply and utilization framework.","Las estadísticas de producción acuícola de la FAO son la única fuente mundial de este tipo y no es posible compararlas con otras fuentes de datos o ámbitos estadísticos. Sin embargo, el uso de listas de códigos reconocidas internacionalmente, como la «Lista de especies del ASFIS» y las principales zonas de pesca de la FAO, contribuye a garantizar la coherencia entre los distintos ámbitos. Los datos de producción, producción procesada y comercio presentan una alta coherencia entre los distintos ámbitos, ya que se utilizan como insumos en las hojas de balance alimentario, que sirven como validación adicional de los datos en un marco único de oferta y utilización.","Les statistiques de la FAO sur la production de l'aquaculture constituent la seule source mondiale de ce type et il est impossible de les comparer avec d'autres sources de données ou domaines statistiques. Néanmoins, l'utilisation de listes de codes internationalement reconnues, telles que la « Liste ASFIS des espèces pour les besoins des statistiques des pêches » et les principales zones de pêche de la FAO, contribue à assurer la cohérence entre les domaines. Les données relatives à la production, à la production transformée et aux échanges présentent une forte cohérence interdomaines, car elles servent d'intrants dans les bilans alimentaires, qui constituent une validation supplémentaire des données dans un cadre unique d'offre et de consommation.","2024"
"16.4","1","• [The FAO International Standard Statistical Classification for Aquatic Animals and Plants (ISSCAAP)](https://www.fao.org/fishery/static/ASFIS/ISSCAAP.pdf)

• [FAO ASFIS list](https://www.fao.org/fishery/en/collection/asfis)

• [FAO Major fishing areas for statistical purposes](https://www.fao.org/cwp-on-fishery-statistics/handbook/general-concepts/main-water-areas/en/)

• [UN ""STANDARD COUNTRY OR AREA CODES FOR STATISTICAL USE""](https://unstats.un.org/unsd/methodology/m49/)","• [Clasificación Estadística Internacional Uniforme de la FAO para Animales y Plantas Acuáticas (CEIUAPA)](https://www.fao.org/fishery/static/ASFIS/ISSCAAP.pdf)

• [Lista ASFIS de la FAO](https://www.fao.org/fishery/es/collection/asfis)

• [Principales zonas de pesca de la FAO para fines estadísticos](https://www.fao.org/cwp-on-fishery-statistics/handbook/general-concepts/main-water-areas/en/)

• [Códigos estándar de país o área de la ONU para uso estadístico](https://unstats.un.org/unsd/methodology/m49/)","• [Classification statistique internationale type des animaux et des plantes aquatiques (CSITAPA) de la FAO](https://www.fao.org/fishery/static/ASFIS/ISSCAAP.pdf)

• [Liste ASFIS de la FAO](https://www.fao.org/fishery/fr/collection/asfis)

• [Principales zones de pêche à des fins statistiques de la FAO](https://www.fao.org/cwp-on-fishery-statistics/handbook/general-concepts/main-water-areas/en/)

• [Codes standard des pays ou des zones à usage statistique des Nations Unies](https://unstats.un.org/unsd/methodology/m49/)","2024"
"17.1","1","The main data source is official statistics from FAO member countries. The national data can originate from surveys, administrative databases and estimates based on expert observations. The type of source used by countries can significantly affect reliability and comparability of data. In nearly all cases where countries provide their official production data, these are recorded as reported. However, in the case of issues with the data received, FAO works with the countries to revise their data in order to ensure consistency of the disseminated data. When no official data are available, unofficial sources may be used. If neither official nor unofficial sources are available, data are imputed. In all cases, disseminated data are flagged accordingly.","La principal fuente de datos son las estadísticas oficiales de los países miembros de la FAO. Los datos nacionales pueden provenir de encuestas, bases de datos administrativas y estimaciones basadas en observaciones de expertos. El tipo de fuente utilizada por los países puede afectar significativamente la fiabilidad y la comparabilidad de los datos. En casi todos los casos en que los países proporcionan sus datos oficiales de producción, estos se registran tal como se informan. Sin embargo, en caso de problemas con los datos recibidos, la FAO trabaja con los países para revisarlos y garantizar la coherencia de los datos difundidos. Cuando no se dispone de datos oficiales, se pueden utilizar fuentes no oficiales. Si no se dispone de fuentes oficiales ni no oficiales, se imputan los datos. En todos los casos, los datos difundidos se marcan como corresponde.","La principale source de données est constituée par les statistiques officielles des pays membres de la FAO. Les données nationales peuvent provenir d'enquêtes, de bases de données administratives et d'estimations fondées sur des observations d'experts. Le type de source utilisé par les pays peut avoir une incidence significative sur la fiabilité et la comparabilité des données. Dans la quasi-totalité des cas où les pays fournissent leurs données officielles de production, celles-ci sont enregistrées telles que déclarées. Toutefois, en cas de problème avec les données reçues, la FAO collabore avec les pays pour les réviser afin d'assurer la cohérence des données diffusées. En l'absence de données officielles, des sources non officielles peuvent être utilisées. Si aucune source, officielle ou non officielle, n'est disponible, les données sont estimées. Dans tous les cas, les données diffusées sont accompagnées des symboles appropriés.","2024"
"17.2","1","Yearly","Anual","Annuelle","2024"
"17.3","1","FAO data collection is carried out through collaboration with country correspondents in Member States. The data collection process relies on annual production questionnaires (FishStatAQ) sent to countries, as well as data from national publications and official country websites.","La recopilación de datos de la FAO se lleva a cabo mediante la colaboración con corresponsales nacionales en los Estados Miembros. El proceso de recopilación de datos se basa en cuestionarios anuales de producción (FishStatAQ) que se envían a los países, así como en datos procedentes de publicaciones nacionales y sitios web oficiales de cada país.","La collecte des données de la FAO est effectuée en collaboration avec les correspondants nationaux des États membres. Ce processus repose sur les questionnaires annuels de production (FishStatAQ) envoyés aux pays, ainsi que sur les données issues des publications nationales et des sites web officiels des pays.","2024"
"17.4","1","Countries are responsible for transmitting data which have already been checked. Validation at FAO concerns any transmission errors and data consistency checks, as well as outlier detection in line with the [FAO statistical standard on data editing and validation of input data](https://www.fao.org/3/cb9341en/cb9341en.pdf) and cross check with data from regional fisheries management organizations for selected species. Other validations consist in assessing consistency over the time series, regularity of totals and partial components and correspondence between variables from different data sets. In the case of issues with the data received, FAO works with the countries to revise their data in order to ensure consistency of the disseminated data.","Los países son responsables de transmitir datos que ya han sido verificados. La validación en la FAO abarca cualquier error de transmisión y comprobación de la coherencia de los datos, así como la detección de valores atípicos de acuerdo con la [norma estadística de la FAO sobre edición y validación de datos de entrada](https://www.fao.org/3/cb9341en/cb9341en.pdf) y la verificación cruzada con datos de organizaciones regionales de ordenación pesquera para especies seleccionadas. Otras validaciones consisten en evaluar la coherencia a lo largo de las series temporales, la regularidad de los totales y componentes parciales y la correspondencia entre variables de diferentes conjuntos de datos. En caso de problemas con los datos recibidos, la FAO trabaja con los países para revisar sus datos a fin de garantizar la coherencia de los datos difundidos.","Il incombe aux pays de transmettre des données préalablement vérifiées. La validation à la FAO porte sur la correction des erreurs de transmission, la vérification de la cohérence des données, la détection des valeurs aberrantes conformément à la [norme statistique de la FAO relative au traitement et à la validation des données d'entrée](https://www.fao.org/3/cb9341en/cb9341en.pdf), et le recoupement avec les données des organisations régionales de gestion des pêches pour certaines espèces. D'autres validations consistent à évaluer la cohérence des séries chronologiques, la régularité des totaux et des composantes partielles, ainsi que la correspondance entre les variables issues de différents ensembles de données. En cas de problème avec les données reçues, la FAO collabore avec les pays pour les réviser afin de garantir la cohérence des données diffusées.","2024"
"17.5","1","FAO is responsible for compiling the data and generating aggregates.","La FAO es responsable de recopilar los datos y generar datos agregados.","La FAO est responsable de la compilation des données et de la production des agrégats.","2024"
"17.6","1","FAO produces global, regional and sub-regional aggregates, in line with the [FAO Statistical Standard Series on Data aggregation](https://www.fao.org/3/cc2918en/cc2918en.pdf).","La FAO elabora agregados mundiales, regionales y subregionales, de conformidad con la [Serie estándar estadística de la FAO sobre agregación de datos](https://www.fao.org/3/cc2918en/cc2918en.pdf).","La FAO produit des agrégats mondiaux, régionaux et sous-régionaux, conformément au [Standard statistique de la FAO sur l’agrégation des données](https://openknowledge.fao.org/server/api/core/bitstreams/9965d142-f4da-40d8-bc3e-e45d417a91cc/content) .","2024"
"17.7","1","The country correspondents are responsible for the quality of data. FAO validates and eventually corrects country data in consultation with them.","Los corresponsales nacionales son responsables de la calidad de los datos. La FAO valida y, en su caso, corrige los datos nacionales en consulta con ellos.","Les correspondants nationaux sont responsables de la qualité des données. La FAO valide et, le cas échéant, corrige les données des pays, en consultation avec ceux-ci.","2024"
"17.8","1","Imputations are made according to the [FAO Statistical Standard Series - Imputation (2023)](https://www.fao.org/3/cb9339en/cb9339en.pdf)","Las imputaciones se realizan de acuerdo con la [Serie de Normas Estadísticas de la FAO - Imputación (2023)](https://www.fao.org/3/cb9339en/cb9339en.pdf)","Les imputations sont effectuées conformément au [Standard statistiques de la FAO – Imputation (2023)](https://www.fao.org/3/cb9339en/cb9339en.pdf).","2024"
"18.1","1","FAO is responsible for the quality of internal statistical processes used to compile the published datasets. The [FAO Statistics and Data Quality Assurance Framework (SDQAF)](https://openknowledge.fao.org/items/01debb18-63b2-403b-87fe-0eca5409656e)  provides the necessary principles, guidelines and tools to carry out quality assessments. FAO is performing an internal bi-annual survey (FAO Quality Assessment and Planning Survey) designed to gather information on all of FAO’s statistical activities, notably to assess the extent to which quality standards are being implemented with a view to increasing compliance with the quality dimensions of SDQAF, documenting best practices and preparing quality improvement plans, where necessary. Domain-specific quality assurance activities are carried out systematically (e.g. quality reviews, self-assessments, compliance monitoring).","La FAO es responsable de la calidad de los procesos estadísticos internos utilizados para compilar los conjuntos de datos publicados. El Marco de Garantía de la Calidad de las Estadísticas y los Datos de la FAO (SDQAF) proporciona los principios, directrices y herramientas necesarios para realizar evaluaciones de calidad. La FAO realiza una encuesta interna semestral (Encuesta de Evaluación y Planificación de la Calidad de la FAO) diseñada para recopilar información sobre todas las actividades estadísticas de la FAO, en particular para evaluar el grado de implementación de las normas de calidad con el fin de aumentar el cumplimiento de las dimensiones de calidad del SDQAF, documentar las mejores prácticas y preparar planes de mejora de la calidad, cuando sea necesario. Las actividades de garantía de calidad específicas de cada ámbito se llevan a cabo sistemáticamente (por ejemplo, revisiones de calidad, autoevaluaciones, seguimiento del cumplimiento).","La FAO est responsable de la qualité des processus statistiques internes utilisés pour compiler les ensembles de données publiés. Le [SDQAF de la FAO](https://openknowledge.fao.org/items/01debb18-63b2-403b-87fe-0eca5409656e) fournit les principes, les lignes directrices et les outils nécessaires à la réalisation d’évaluations de la qualité. La FAO mène une enquête interne bisannuelle (Enquête d’évaluation et de planification de la qualité de la FAO) visant à recueillir des informations sur toutes ses activités statistiques, notamment pour évaluer dans quelle mesure les normes de qualité sont mises en œuvre en vue d’améliorer la conformité aux dimensions de qualité du SDQAF, de documenter les meilleures pratiques et d’élaborer, le cas échéant, des plans d’amélioration de la qualité. Des activités d’assurance qualité spécifiques à chaque domaine sont menées de manière systématique (par exemple, examens de la qualité, auto-évaluations, suivi de la conformité).","2024"
"18.2","1","The quality of FAO statistics is highly dependent upon the accuracy and reliability of the data collected and provided by countries. FAO strives to validate and ensure the quality of official data received by validating and cross checking them. FAO also works with countries to revise their data when appropriate to ensure consistency in the dissemination of official data. 

According to the 2025 Quality Assessment and Planning Survey (QAPS) of FAO, this data domain reported a quality score of 0.88. According to the QAPS a statistical output is considered of good quality when it reaches a quality score of 0.6 or above.","La calidad de las estadísticas de la FAO depende en gran medida de la exactitud y fiabilidad de los datos recopilados y proporcionados por los países. La FAO se esfuerza por validar y garantizar la calidad de los datos oficiales recibidos mediante su verificación y cotejo. Asimismo, colabora con los países para revisar sus datos cuando sea necesario, a fin de asegurar la coherencia en la difusión de la información oficial. 

Según la Encuesta de Evaluación y Planificación de la Calidad (ECPC) de la FAO de 2025, este ámbito de datos obtuvo una puntuación de calidad de 0,88. De acuerdo con la ECPC, un resultado estadístico se considera de buena calidad cuando alcanza una puntuación de 0,6 o superior.","La qualité des statistiques de la FAO dépend fortement de l’exactitude et de la fiabilité des données collectées et fournies par les pays. La FAO s'efforce de valider et d'assurer la qualité des données officielles reçues en les validant et en les recoupant. Elle collabore également avec les pays pour réviser leurs données, le cas échéant, afin de garantir la cohérence dans la diffusion de ces dernières. 

Selon l'Enquête d'évaluation et de planification de la qualité (QAPS) 2025 de la FAO, ce domaine de données a obtenu un score de qualité de 0,88. Selon le QAPS, un résultat statistique est considéré comme de bonne qualité lorsqu'il atteint un score de 0,6 ou plus.","2024"
"19","1","Not applicable","No aplica","Pas applicable","2024"
"20","1","Not applicable","No aplica","Pas applicable","2024"
"01","2","Global capture fisheries production - Metadata","Capturas mundiales - Metadatos","Production mondiale de la pêche de capture - Métadonnées","2024"
"02.1","2","Food and Agriculture Organization of the United Nations (FAO)","Organización de las Naciones Unidas para la Alimentación y la Agricultura (FAO)","Organisation des Nations Unies pour l'alimentation et l'agriculture (FAO)","2024"
"02.2","2","[Global capture production](https://www.fao.org/fishery/en/collection/capture?lang=en)","[Capturas mundiales](https://www.fao.org/fishery/es/collection/capture?lang=en)","[Captures mondiales](https://www.fao.org/fishery/fr/collection/capture?lang=en)","2024"
"03.1","2","Food and Agriculture Organization of the United Nations (FAO)","Organización de las Naciones Unidas para la Alimentación y la Agricultura (FAO)","Organisation des Nations Unies pour l'alimentation et l'agriculture (FAO)","2024"
"03.2","2","Statistics and Information Team (NFISI) of the FAO Fisheries and Aquaculture Division (NFI)","Equipo de estadísticas e información (NFISI) de la División de Pesca y Acuicultura (NFI) de la FAO","Équipe Statistiques et Information (NFISI) de la Division des pêches et de l'aquaculture (NFI) de la FAO","2024"
"03.3","2","Viale delle Terme di Caracalla, 00153 Rome, Italy","Viale delle Terme di Caracalla, 00153 Roma, Italia","Viale delle Terme di Caracalla, 00153 Rome, Italie","2024"
"03.4","2","[Fish-Statistics-Inquiries@fao.org](mailto:Fish-Statistics-Inquiries@fao.org)","[Fish-Statistics-Inquiries@fao.org](mailto:Fish-Statistics-Inquiries@fao.org)","[Fish-Statistics-Inquiries@fao.org](mailto:Fish-Statistics-Inquiries@fao.org)","2024"
"04.1","2","28/03/2026","28/03/2026","28/03/2026","2024"
"04.2","2","28/03/2026","28/03/2026","28/03/2026","2024"
"05.1","2","This dataset covers annual series of the volume of total capture fisheries production from 1950 by country or area, species and FAO major fishing area. Data cover aquatic animals (fish, crustaceans, molluscs, etc.), aquatic plants (seaweed and other algae) and aquatic products (shells, corals, pearls and sponges) harvested through capture fisheries activities, taken for commercial, industrial, recreational and subsistence purposes from inland waters, brackish and marine areas.  Data include all quantities caught and landed for both food and feed purposes, but exclude discards and live escapements or losses prior to landings.","Este conjunto de datos abarca series anuales del volumen total de las capturas desde 1950 por país o área, especie y zona pesquera principal de la FAO. Los datos incluyen animales acuáticos (peces, crustáceos, moluscos, etc.), plantas acuáticas (algas marinas y otras algas) y productos acuáticos (conchas, corales, perlas y esponjas) obtenidos mediante actividades pesqueras, con fines comerciales, industriales, recreativos y de subsistencia, en aguas continentales, salobres y marinas. Los datos incluyen todas las cantidades capturadas y desembarcadas para consumo humano y animal, pero excluyen los descartes y los ejemplares vivos que escapan a las redes de pesca o que se pierden antes del desembarque.","Cet ensemble de données couvre les séries annuelles du volume de la production totale des pêches de capture depuis 1950, ventilées par source de production (totale, capture et aquaculture), pays ou zone, espèce et principale zone de pêche de la FAO. Les données concernent les animaux aquatiques (poissons, crustacés, mollusques, etc.), les plantes aquatiques (algues marines et autres algues) et les produits aquatiques (coquillages, coraux, perles et éponges) issus de la pêche de capture, pratiquée à des fins commerciales, industrielles, récréatives et de subsistance, en eaux intérieures, saumâtres et marines. Les données incluent toutes les quantités capturées et débarquées pour l'alimentation humaine et animale, mais excluent les rejets, les échappées vivantes et les pertes avant débarquement.","2024"
"05.2","2","The dataset provides a comprehensive coverage of the global capture fisheries production, including approximately 3 900 species items, 26 major fishing areas and 249 countries or areas. FAO strives to provide data for all countries and territories covering fisheries production at the most detailed level of species items.","El conjunto de datos ofrece una cobertura integral de la producción pesquera mundial, incluyendo aproximadamente 3 900 especies, 26 zonas de pesca principales y 249 países o territorios. La FAO se esfuerza por proporcionar datos de todos los países y territorios sobre la producción pesquera con el mayor nivel de detalle posible, incluyendo las especies.","L'ensemble de données offre une couverture exhaustive de la production mondiale des pêches de capture, incluant environ 3 900 espèces, 26 principales zones de pêche et 249 pays ou zones. La FAO s'efforce de fournir des données pour tous les pays et territoires, couvrant la production des pêches et de l'aquaculture avec le niveau de détail le plus fin possible en termes d’espèce.","2024"
"05.3","2","Capture fisheries","Capturas","Pêches de capture","2024"
"05.4","2","Capture fisheries refers to the hunting, collecting and gathering activities directed at removing or collecting live wild aquatic organisms. Data relate to nominal landings, converted into a live weight basis (wet weight for algae), of fish, crustaceans, molluscs, aquatic mammals, other aquatic animals, products (corals, pearls and sponges) and aquatic plants (seaweed and other algae) taken for commercial, industrial, recreational and subsistence purposes from inland waters, brackish and marine areas, including inshore, offshore and high seas marine fishing areas. Data include all quantities caught and landed for both food and feed purposes but exclude discards, live escapements or losses prior to landings. The flag of the fishing vessel performing the essential part of the fishing operation is used to assign nationality to catches, unless the wording of chartering and joint operation contracts indicates otherwise.

Fish, crustaceans, molluscs and all other aquatic organisms included in the dataset have been classified according to approximately 3900 commercial species items, further arranged within the 50 groups of species constituting the nine divisions of the FAO International Standard Statistical Classification of Aquatic Animals and Plants (ISSCAAP) on the basis of their taxonomic, ecological and economic characteristics. The taxonomic code descriptors are taken from the ""ASFIS list of species for fishery statistics purposes"" (version 2024). Please note that the list of species disseminated in these datasets might not adhere entirely to ASFIS (version 2024) due to differing publication schedules. More information about the ASFIS list and the ISSCAAP classification is available at https://www.fao.org/fishery/en/collection/asfis. 

Capture production is also classified according to the inland water or marine area where the catches took place. These are divided into eight FAO major inland fishing areas and 19 FAO major marine [fishing areas](https://www.fao.org/cwp-on-fishery-statistics/handbook/general-concepts/main-water-areas/en/), internationally established for fishery statistical purposes.

Statistical concepts and standards related to fisheries and aquaculture statistics are available in the [Handbook of Fishery Statistics of the Coordinating Working Party on Fishery Statistics (CWP)](https://www.fao.org/cwp-on-fishery-statistics/handbook/en/).","","","2023"
"05.4","2","Capture fisheries refers to the hunting, collecting and gathering activities directed at removing or collecting live wild aquatic organisms. Data relate to nominal landings, converted into a live weight basis (wet weight for algae), of fish, crustaceans, molluscs, aquatic mammals, other aquatic animals, products (corals, pearls and sponges) and aquatic plants (seaweed and other algae) taken for commercial, industrial, recreational and subsistence purposes from inland waters, brackish and marine areas, including inshore, offshore and high seas marine fishing areas. Data include all quantities caught and landed for both food and feed purposes but exclude discards, live escapements or losses prior to landings. The flag of the fishing vessel performing the essential part of the fishing operation is used to assign nationality to catches, unless the wording of chartering and joint operation contracts indicates otherwise.

Fish, crustaceans, molluscs and all other aquatic organisms included in the dataset have been classified according to approximately 3 900 commercial species items, further arranged within the 50 groups of species constituting the nine divisions of the FAO International Standard Statistical Classification of Aquatic Animals and Plants (ISSCAAP) on the basis of their taxonomic, ecological and economic characteristics. The taxonomic code descriptors are taken from the ""ASFIS list of species for fishery statistics purposes"" (version 2026), which will be disseminated during summer 2026. Please note that the list of species disseminated in these datasets might not adhere entirely to ASFIS (version 2026) due to differing publication schedules. More information about the ASFIS list and the ISSCAAP classification is available at https://www.fao.org/fishery/en/collection/asfis. 

Capture production is also classified according to the inland water or marine area where the catches took place. These are divided into eight FAO major inland fishing areas and 19 FAO major marine [fishing areas](https://www.fao.org/cwp-on-fishery-statistics/handbook/general-concepts/main-water-areas/en/), internationally established for fishery statistical purposes.

Statistical concepts and standards related to fisheries and aquaculture statistics are available in the [Handbook of Fishery Statistics of the Coordinating Working Party on Fishery Statistics (CWP)](https://www.fao.org/cwp-on-fishery-statistics/handbook/en/).","Las capturas se refieren a las actividades de caza, recolección y captura dirigidas a extraer o recolectar organismos acuáticos silvestres vivos. Los datos se refieren a los desembarques nominales, convertidos a peso vivo (peso húmedo para las algas), de peces, crustáceos, moluscos, mamíferos acuáticos, otros animales acuáticos, productos (corales, perlas y esponjas) y plantas acuáticas (algas marinas y otras algas) capturados con fines comerciales, industriales, recreativos y de subsistencia en aguas continentales, salobres y marinas, incluidas las zonas de pesca costera, de alta mar y de mar abierto. Los datos incluyen todas las cantidades capturadas y desembarcadas para consumo humano y animal, pero excluyen los descartes, los ejemplares que escapan vivos o las pérdidas previas al desembarque. La bandera del buque pesquero que realiza la parte esencial de la operación se utiliza para asignar la nacionalidad a las capturas, a menos que los contratos de fletamento y de operación conjunta indiquen lo contrario.

Los peces, crustáceos, moluscos y demás organismos acuáticos incluidos en el conjunto de datos se han clasificado según aproximadamente 3 900 especies comerciales, organizadas a su vez en los 50 grupos de especies que conforman las nueve divisiones de la Clasificación Estadística Internacional Uniforme de Animales y Plantas Acuáticas (ISSCAAP) de la FAO, en función de sus características taxonómicas, ecológicas y económicas. Los descriptores de códigos taxonómicos se han tomado de la «Lista de especies de la ASFIS para fines estadísticos pesqueros» (versión 2026) que se difundirá durante el verano de 2026. Tenga en cuenta que la lista de especies difundida en estos conjuntos de datos podría no ajustarse completamente a la ASFIS (versión 2026) debido a las diferencias en los calendarios de publicación. Puede encontrar más información sobre la lista de la ASFIS y la clasificación ISSCAAP en https://www.fao.org/fishery/es/collection/asfis.

La producción de captura también se clasifica según la zona de aguas continentales o marinas donde se realizaron las capturas. Estas zonas se dividen en ocho zonas pesqueras continentales principales de la FAO y 19 [zonas pesqueras](https://www.fao.org/cwp-on-fishery-statistics/handbook/general-concepts/main-water-areas/es/) marinas principales de la FAO, establecidas internacionalmente con fines estadísticos pesqueros.

Los conceptos y estándares estadísticos relacionados con la pesca y la acuicultura están disponibles en el [Manual de Estadísticas Pesqueras del Grupo de Trabajo Coordinador sobre Estadísticas Pesqueras (CWP)](https://www.fao.org/cwp-on-fishery-statistics/handbook/es/).","La pêche de capture désigne les activités de chasse, de collecte et de ramassage visant à prélever ou à collecter des organismes aquatiques sauvages vivants. Les données concernent les débarquements nominaux, convertis en poids vif (poids humide pour les algues), de poissons, crustacés, mollusques, mammifères aquatiques, autres animaux aquatiques, produits (coraux, perles et éponges) et plantes aquatiques (algues marines et autres algues) capturés à des fins commerciales, industrielles, récréatives et de subsistance dans les eaux intérieures, saumâtres et marines, y compris les zones de pêche côtières, hauturières et de haute mer. Ces données incluent toutes les quantités capturées et débarquées pour l'alimentation humaine et animale, mais excluent les rejets, les échappées vivantes et les pertes avant débarquement. Le pavillon du navire de pêche effectuant l'essentiel de l'opération de pêche est utilisé pour attribuer la nationalité des captures, sauf indication contraire dans les contrats d'affrètement et d'exploitation conjointe.

Les poissons, crustacés, mollusques et tous les autres organismes aquatiques inclus dans l'ensemble de données ont été classés selon environ 3 900 espèces commerciales, elles-mêmes réparties dans les 50 groupes d'espèces constituant les neuf divisions de la Classification statistique internationale type des animaux et des plantes aquatiques (CSITAPA) de la FAO, en fonction de leurs caractéristiques taxonomiques, écologiques et économiques. Les descripteurs des codes taxonomiques sont tirés de la « La liste ASFIS des espèces pour les besoins des statistiques des pêches » (version 2026) qui sera diffusée durant l'été 2026. Veuillez noter que la liste des espèces diffusée dans ces jeux de données peut ne pas être entièrement conforme à l'ASFIS (version 2026) en raison de différences dans les calendriers de publication. Pour plus d'informations sur la liste ASFIS et la classification CSITAPA, veuillez consulter le site : https://www.fao.org/fishery/fr/collection/asfis. 

La production de capture est également classée selon la zone d'eaux intérieures ou marines où les captures ont eu lieu. Ces zones sont réparties en huit principales zones de pêche continentales selon la FAO et 19 principales [zones de pêche](https://www.fao.org/cwp-on-fishery-statistics/handbook/general-concepts/main-water-areas/fr)  maritime de la FAO, établies internationalement à des fins statistiques sur les pêches.

Les concepts et normes statistiques relatifs aux statistiques des pêches et de l'aquaculture sont disponibles dans le [Manuel des statistiques des pêches du Groupe de travail chargé de coordonner les statistiques des pêches (CWP)](https://www.fao.org/cwp-on-fishery-statistics/handbook/fr) .","2024"
"05.5","2","The list of countries and the geographical classification are primarily based on the UN ""[Standard country or area codes for statistical use](https://unstats.un.org/unsd/methodology/m49/)"".
Additional country classifications available in the released workspace of this dataset available in FishStatJ or online query panel are based on a variety of sources. Here below the main ones:

• [Least Developed Countries (LDC) (version 2024)](https://www.un.org/development/desa/dpad/wp-content/uploads/sites/45/publication/ldc_list.pdf)

• [Low-Income Food-Deficit Countries (LIFDCs) (2023 revision)](https://www.fao.org/countryprofiles/lifdc/en/)

• [Landlocked Developing Countries (LLDCs)](https://unctad.org/topic/landlocked-developing-countries/list-of-LLDCs)

• [Small Island Developing States (SIDS)](https://www.un.org/ohrlls/content/list-sids)

• [Net Food-Importing Developing Countries (NFIDC) (2024 revision)](https://docs.wto.org/dol2fe/Pages/SS/directdoc.aspx?filename=q:/G/AG/5R12.pdf&Open=True)

• [The classification of the World Bank by income (2025 revision)](https://datahelpdesk.worldbank.org/knowledgebase/articles/906519-world-bank-country-and-lending-groups)

The term “country"" or ""country or area” as used in the dataset also covers territories, cities and land areas, as well as provinces, districts, enclaves and other parts of territories or combinations of countries or areas such as economic or customs unions. Country or area names and designations are subject to nationally announced changes. Name changes announced recently may not have been incorporated in this dataset release but will be reflected in future ones. The designations employed and the presentation of material in this dataset do not imply the expression of any opinion whatsoever on the part of FAO concerning the legal or development status of any country, territory, city or area or of its authorities, or concerning the delimitation of its frontiers or boundaries.

Specific notes on geographical coverage: 

1) Information provided by Ukraine excludes statistical data concerning the Autonomous Republic of Crimea, the city of Sevastopol and the Donetsk, Luhansk, Kherson and Zaporizhzhia regions. The information is presented without prejudice to relevant UN General Assembly and UN Security Council resolutions, which reaffirm the territorial integrity of Ukraine. 

2) Information provided by the Russian Federation includes statistical data for the Autonomous Republic of Crimea and the city of Sevastopol, Ukraine, temporarily occupied by the Russian Federation.

3) Data for countries that belonged to the former Union of Soviet Socialist Republics (former USSR) are available as a single aggregate until 1991. 

4) For statistical purposes, the data for China do not include China, Hong Kong SAR, China, Macao SAR and Taiwan Province of China, which are presented separately. Therefore, “China” refers to China’s mainland only.

5) Detailed country or area notes are available inside the global fisheries and aquaculture production workspace in FishStatJ.","","","2023"
"05.5","2","The list of countries and the geographical classification are primarily based on the UN ""[Standard country or area codes for statistical use](https://unstats.un.org/unsd/methodology/m49/)"".
Additional country classifications available in the released workspace of this dataset available in FishStatJ or online query panel are based on a variety of sources. Here below the main ones:

• [Least Developed Countries (LDC) (version 2024)](https://www.un.org/development/desa/dpad/wp-content/uploads/sites/45/publication/ldc_list.pdf)

• [Low-Income Food-Deficit Countries (LIFDCs) (2026 revision)](https://www.fao.org/countryprofiles/lifdc/en/)

• [Landlocked Developing Countries (LLDCs)](https://unctad.org/topic/landlocked-developing-countries/list-of-LLDCs)

• [Small Island Developing States (SIDS)](https://www.un.org/ohrlls/content/list-sids)

• [Net Food-Importing Developing Countries (NFIDC) (2024 revision)](https://docs.wto.org/dol2fe/Pages/SS/directdoc.aspx?filename=q:/G/AG/5R12.pdf&Open=True)

• [The classification of the World Bank by income (2026 revision)](https://datahelpdesk.worldbank.org/knowledgebase/articles/906519-world-bank-country-and-lending-groups)

The term “country"" or ""country or area” as used in the dataset also covers territories, cities and land areas, as well as provinces, districts, enclaves and other parts of territories or combinations of countries or areas such as economic or customs unions. Country or area names and designations are subject to nationally announced changes. Name changes announced recently may not have been incorporated in this dataset release but will be reflected in future ones. The designations employed and the presentation of material in this dataset do not imply the expression of any opinion whatsoever on the part of FAO concerning the legal or development status of any country, territory, city or area or of its authorities, or concerning the delimitation of its frontiers or boundaries.

Specific notes on geographical coverage: 

1) Information provided by Ukraine excludes statistical data concerning the Autonomous Republic of Crimea, the city of Sevastopol and the Donetsk, Luhansk, Kherson and Zaporizhzhia regions. The information is presented without prejudice to relevant UN General Assembly and UN Security Council resolutions, which reaffirm the territorial integrity of Ukraine. 

2) Information provided by the Russian Federation includes statistical data for the Autonomous Republic of Crimea and the city of Sevastopol, Ukraine, temporarily occupied by the Russian Federation.

3) Data for countries that belonged to the former Union of Soviet Socialist Republics (former USSR) are available as a single aggregate until 1991. 

4) For statistical purposes, the data for China do not include China, Hong Kong SAR, China, Macao SAR and Taiwan Province of China, which are presented separately. Therefore, “China” refers to China’s mainland only.

5) Detailed country or area notes are available inside the global fisheries and aquaculture production workspace in FishStatJ.","La lista de países y la clasificación geográfica se basan principalmente en los [códigos estándar de países o áreas para uso estadístico de la ONU](https://unstats.un.org/unsd/methodology/m49/).

Las clasificaciones adicionales de países disponibles en el espacio de trabajo de este conjunto de datos, accesible en FishStatJ o en el panel de consulta en línea, se basan en diversas fuentes. A continuación, las principales:

• [Países Menos Adelantados (PMA) (versión 2024)](https://www.un.org/development/desa/dpad/wp-content/uploads/sites/45/publication/ldc_list.pdf)

• [Países de Bajos Ingresos con Déficit Alimentario (PABD) (revisión 2026)](https://www.fao.org/countryprofiles/lifdc/en/)

• [Países en Desarrollo sin Litoral (PDSL)](https://unctad.org/topic/landlocked-developing-countries/list-of-LLDC)

• [Pequeños Estados Insulares en Desarrollo (PEID)](https://www.un.org/ohrlls/content/list-sids)

• [Países en Desarrollo Importadores Netos de Alimentos (PDIF) (Revisión 2024)](https://docs.wto.org/dol2fe/Pages/SS/directdoc.aspx?filename=q:/G/AG/5R12.pdf&Open=True)

• [Clasificación del Banco Mundial por ingresos (revisión de 2026)](https://datahelpdesk.worldbank.org/knowledgebase/articles/906519-world-bank-country-and-lending-groups)

El término «país» o «país o área», tal como se utiliza en el conjunto de datos, abarca territorios, ciudades y áreas terrestres, así como provincias, distritos, enclaves y otras partes de territorios o combinaciones de países o áreas, como uniones económicas o aduaneras. Los nombres y designaciones de países o áreas están sujetos a cambios anunciados a nivel nacional. Es posible que los cambios de nombre anunciados recientemente no se hayan incorporado en esta versión del conjunto de datos, pero se reflejarán en futuras versiones. Las denominaciones empleadas y la presentación del material en este conjunto de datos no implican la expresión de opinión alguna por parte de la FAO sobre la situación jurídica o de desarrollo de ningún país, territorio, ciudad o zona, ni sobre sus autoridades, ni sobre la delimitación de sus fronteras.

Notas específicas sobre la cobertura geográfica:

1) La información proporcionada por Ucrania excluye los datos estadísticos relativos a la República Autónoma de Crimea, la ciudad de Sebastopol y las regiones de Donetsk, Lugansk, Jersón y Zaporiyia. Esta información se presenta sin perjuicio de las resoluciones pertinentes de la Asamblea General y del Consejo de Seguridad de las Naciones Unidas, que reafirman la integridad territorial de Ucrania.

2) La información proporcionada por la Federación de Rusia incluye datos estadísticos de la República Autónoma de Crimea y la ciudad de Sebastopol, Ucrania, ocupada temporalmente por la Federación de Rusia.

3) Los datos de los países que pertenecieron a la antigua Unión de Repúblicas Socialistas Soviéticas (antigua URSS) están disponibles como un único agregado hasta 1991.

4) A efectos estadísticos, los datos de China no incluyen China, la RAE de Hong Kong, China, la RAE de Macao ni la provincia china de Taiwán, que se presentan por separado. Por lo tanto, «China» se refiere únicamente a la China continental.

5) En el espacio de trabajo global de producción pesquera y acuícola de FishStatJ se encuentran disponibles notas detalladas sobre países o regiones.","La liste des pays et la classification géographique sont principalement basées sur les [« Codes standard des pays et des zones à usage statistique » des Nations Unies](https://unstats.un.org/unsd/methodology/m49/). D'autres classifications de pays, disponibles dans l'espace de travail de cet ensemble de données accessible via FishStatJ ou le panneau de requête en ligne, proviennent de diverses sources. Voici les principales catégories :

• [Pays les moins avancés (PMA) (version 2024)](https://www.un.org/development/desa/dpad/wp-content/uploads/sites/45/publication/ldc_list.pdf)

• [Pays à faible revenu et à déficit vivrier (PFRDV) (révision 2026)](https://www.fao.org/member-countries/lifdc/fr)

• [Pays en développement sans littoral (PDSL)](https://unctad.org/topic/landlocked-developing-countries/list-of-LLDCs)

• [Petits États insulaires en développement (PEID)](https://www.un.org/ohrlls/content/list-sids)

• [Pays en développement importateurs nets de produits alimentaires (PDNIPA) (révision 2024)](https://docs.wto.org/dol2fe/Pages/SS/directdoc.aspx?filename=q:/G/AG/5R12.pdf&Open=True)

• [Classification de la Banque mondiale par revenu (révision 2026)](https://datahelpdesk.worldbank.org/knowledgebase/articles/906519-world-bank-country-and-lending-groups)

Le terme « pays » ou « pays ou zone », tel qu’il est utilisé dans l’ensemble de données, couvre également les territoires, les villes et les superficies, ainsi que les provinces, les districts, les enclaves et autres parties de territoires ou regroupements de pays ou de zones, tels que les unions économiques ou douanières. Les noms et désignations des pays ou zones sont susceptibles d’être modifiés au niveau national. Les changements de noms annoncés récemment peuvent ne pas avoir été intégrés à cette version de l’ensemble de données, mais le seront dans les versions ultérieures. Les appellations employées et la présentation des données figurant dans cet ensemble n'impliquent de la part de la FAO aucune prise de position quant au statut juridique ou de développement d'un pays, territoire, ville ou zone, ou de ses autorités, ni quant à la délimitation de ses frontières.

Notes spécifiques sur la couverture géographique :

1) Les informations fournies par l'Ukraine excluent les données statistiques relatives à la République autonome de Crimée, à la ville de Sébastopol et aux régions de Donetsk, Louhansk, Kherson et Zaporijia. Ces informations sont présentées sans préjudice des résolutions pertinentes de l'Assemblée générale et du Conseil de sécurité des Nations Unies, qui réaffirment l'intégrité territoriale de l'Ukraine.

2) Les informations fournies par la Fédération de Russie incluent les données statistiques relatives à la République autonome de Crimée et à la ville de Sébastopol (Ukraine), temporairement occupée par la Fédération de Russie. 

3) Les données relatives aux pays ayant appartenu à l'ex-Union des républiques socialistes soviétiques (ex-URSS) sont disponibles sous forme d'agrégat unique jusqu'en 1991.

4) À des fins statistiques, les données relatives à la Chine n'incluent pas la Chine continentale, Hong Kong, Macao et Taïwan, qui sont présentées séparément. Par conséquent, le terme « Chine » désigne uniquement la Chine continentale.

5) Des notes détaillées par pays ou zone sont disponibles dans l'espace de travail « Statistiques mondiales des captures et de production de l’aquaculture de la FAO » de FishStatJ.","2024"
"05.6","2","From 1950 to 2023","1950-2023","1950-2023","2023"
"05.6","2","From 1950 to 2024","1950-2024","De 1950 à 2024","2024"
"05.7","2","Not applicable","No aplica","Pas applicable","2024"
"06","2","Production of fish, crustaceans and molluscs are expressed in live weight, that is the nominal weight of the aquatic organisms at the time of harvest. Production of aquatic plants is given in wet weight. Data are expressed in tonnes (=1000 kg), except those for whales, seals and crocodiles, which are given in numbers.","La producción de peces, crustáceos y moluscos se expresan en peso en vivo, es decir el peso nominal de los organismos acuáticos en el momento de la captura. Las producción de plantas acuáticas se indican en peso en húmedo. Los datos se expresan en toneladas (=1000 kg), excepto en el caso de las ballenas, focas y cocodrilos, que se indican en número de ejemplares.","La production de poissons, de crustacés et de mollusques est exprimée en poids vif, c'est-à-dire le poids nominal des organismes aquatiques au moment de la récolte. La production de plantes aquatiques est exprimée en poids humide. Les données sont exprimées en tonnes (1 000 kg), à l'exception de celles relatives aux baleines, aux phoques et aux crocodiles, qui sont exprimées en nombre.","2024"
"07","2","The annual period used is the calendar year (1 January-31 December), with the exceptions of capture data in the Antarctic fishing areas (up to 2011) and for some countries for which a split-year is used. Starting with the March 2004 release, the new fishing season (1 December-30 November) of the Commission for the Conservation of Antarctic Marine Living Resources (CCAMLR) has been adopted. Split-year data are shown under the calendar year in which the split-year ends.","El período anual utilizado es el año civil (1 de enero-31 de diciembre), excepto en el caso de las capturas efectuadas en las áreas marítimas del Antártico (hasta 2011) y para algunos países para los que se utiliza el año emergente. A partir de la versión de marzo de 2004, se utiliza el nuevo período de pesca (1 de diciembre-30 de noviembre) de la Comisión para la Conservación de los Recursos Vivos Marinos Antárticos (CCAMLR). Los datos correspondientes a los años emergentes se incluyen en el año civil en que termina el año emergente.","La période annuelle utilisée est l’année civile (1er janvier – 31 décembre), à l’exception des données de capture dans les zones de pêche de l’Antarctique (jusqu’en 2011) et pour certains pays pour lesquels une année fractionnée est utilisée. À compter de la publication de mars 2004, la nouvelle saison de pêche (1er décembre – 30 novembre) de la Commission pour la conservation de la faune et la flore marines de l'Antarctique (CCAMLR) a été adoptée. Les données relatives aux années fractionnées sont présentées sous l’année civile au cours de laquelle l’année fractionnée prend fin.","2024"
"08.1","2","[Article I of the FAO Constitution](https://www.fao.org/3/x5584e/x5584e0i.htm) requires the Organization to collect, analyze, interpret and disseminate information relating to nutrition, food and agriculture (FAO, 1945).","El [Artículo I de la Constitución de la FAO](https://www.fao.org/3/x5584e/x5584e0i.htm) exige a la Organización recopilar, analizar, interpretar y difundir información relacionada con la nutrición, la alimentación y la agricultura (FAO, 1945).","L’[article I de l’Acte constitutif de la FAO](https://www.fao.org/4/x5584fr/x5584fr.pdf#page=112) exige de l’Organisation qu’elle collecte, analyse, interprète et diffuse des informations relatives à la nutrition, à l’alimentation et à l’agriculture (FAO, 1945).","2024"
"08.2","2","These statistics are drawn primarily from official data from countries and territories, who have primary responsibility for data collection. FAO collects data from countries annually through questionnaires specific to each dataset and each country. Data are complemented or replaced, when necessary, by data from other sources (e.g. regional fisheries management organizations and distant water fleets in exclusive economic zones) in accordance with the standards of the CWP.","Estas estadísticas se basan principalmente en datos oficiales de países y territorios, que son los principales responsables de la recopilación de datos. La FAO recopila datos de los países anualmente mediante cuestionarios específicos para cada conjunto de datos y país. Los datos se complementan o reemplazan, cuando corresponde, con datos de otras fuentes (por ejemplo, organizaciones regionales de ordenación pesquera y flotas de alta mar que operan en zonas económicas exclusivas), de conformidad con las normas del CWP.","Ces statistiques sont principalement issues de données officielles des pays et territoires, qui sont principalement responsables de la collecte des données. La FAO collecte des données auprès des pays chaque année au moyen de questionnaires spécifiques à chaque ensemble de données et à chaque pays. Les données sont complétées ou remplacées, le cas échéant, par des données provenant d'autres sources (par exemple, les organismes régionaux de gestion des pêches et les flottes de haute mer opérant dans les zones économiques exclusives), conformément aux normes du CWP.","2024"
"09.1","2","FAO data and statistics are produced in accordance with FAO Policy on Data Protection and the implementation modalities of FAO SDQAF Principle 4 on Data protection and Statistical Confidentiality.","Los datos y las estadísticas de la FAO se elaboran de conformidad con la Política de la FAO sobre protección de datos y las modalidades de aplicación del Principio 4 del Marco de Evaluación de la Calidad y Seguridad de la Información de la FAO (SDQAF) sobre protección de datos y confidencialidad estadística.","Les données et statistiques de la FAO sont produites conformément à la Politique de la FAO relative à la protection des données et aux modalités de mise en œuvre du principe 4 du SDQAF de la FAO relatif à la protection des données et à la confidentialité statistique.","2024"
"09.2","2","If any, confidential data are not disseminated by FAO as such. Suppressed confidential data are marked in the database with SDMX flag “Q - Missing value; suppressed”.","Cuando corresponda, la FAO no divulga datos confidenciales tal cual. Los datos confidenciales eliminados se marcan en la base de datos con el indicador SDMX ""Q - Valor faltante; eliminado"".","Le cas échéant, les données confidentielles ne sont pas diffusées en tant que telles par la FAO. Les données confidentielles supprimées sont marquées dans la base de données par l'indicateur SDMX « Q - Valeur manquante ; Supprimée ».","2024"
"09.3","2","Not applicable","No aplica","Pas applicable","2024"
"10.1","2","FAO FishStat data releases follow a release calendar available publicly at the main FAO FishStat page at [https://www.fao.org/fishery/en/fishstat].
Global fisheries and aquaculture production data for the most recent available year are disseminated annually in March.","Las publicaciones de datos de FAO FishStat siguen un calendario de publicación disponible públicamente en la página principal de FAO FishStat (https://www.fao.org/fishery/es/fishstat).

Los datos mundiales de producción pesquera y acuícola del año más reciente disponible se difunden anualmente en marzo.","Les données de FAO FishStat sont publiées selon un calendrier accessible au public sur la page principale de FAO FishStat : [https://www.fao.org/fishery/fr/fishstat]. 

Les données mondiales sur la production halieutique et aquacole pour l’année la plus récente disponible sont diffusées chaque année en mars.","2024"
"10.2","2","[Release calendar](https://www.fao.org/fishery/services/storage/fs/fishery/documents/fishstat/FishStatReleaseCalendar.pdf)","[Calendario de publicaciones](https://www.fao.org/fishery/services/storage/fs/fishery/documents/fishstat/FishStatReleaseCalendar.pdf)","[Calendrier de publication](https://www.fao.org/fishery/services/storage/fs/fishery/documents/fishstat/FishStatReleaseCalendar.pdf)","2024"
"10.3","2","This data domain is disseminated according to FAO's Open Data Licensing for Statistical Databases Policy, under the [Creative Commons Attribution 4.0 International license (CC-BY 4.0)](https://creativecommons.org/licenses/by/4.0/) and are subject to [FAO Statistical Database Terms of Use](https://www.fao.org/contact-us/terms/db-terms-of-use/en/].","Este dominio de datos se difunde de acuerdo con la Política de Licencias de Datos Abiertos para Bases de Datos Estadísticas de la FAO, bajo la licencia [Creative Commons Attribution 4.0 International(CC-BY 4.0)[(https://creativecommons.org/licenses/by/4.0/) y está sujeto a los [Términos de Uso de Bases de Datos Estadísticas de la FAO](https://www.fao.org/contact-us/terms/db-terms-of-use/es/).","Ce domaine de données est diffusé conformément à la politique de la FAO en matière de licences de données ouvertes pour les bases de données statistiques, sous la licence [Creative Commons Attribution 4.0 International (CC-BY 4.0)](https://creativecommons.org/licenses/by/4.0/), et est soumis aux [Conditions d’utilisation des bases de données statistiques de la FAO](https://www.fao.org/contact-us/terms/db-terms-of-use/fr/).","2024"
"10.4","2","[https://creativecommons.org/licenses/by/4.0/](https://creativecommons.org/licenses/by/4.0/)","[https://creativecommons.org/licenses/by/4.0/](https://creativecommons.org/licenses/by/4.0/)","[https://creativecommons.org/licenses/by/4.0/](https://creativecommons.org/licenses/by/4.0/deed.fr)","2024"
"11","2","Yearly","Anual","Annuelle","2024"
"12.1","2","Not applicable","No aplica","Pas applicable","2024"
"12.2","2","[FAO Fishery and Aquaculture Statistical Yearbook](https://doi.org/10.4060/cd4312en)","[FAO Anuario - Estadísticas de pesca y acuicultura](https://doi.org/10.4060/cd4312en)","[FAO Annuaire - Statistiques des pêches et de l'aquaculture](https://doi.org/10.4060/cd4312en)","2023"
"12.2","2","[FAO Fishery and Aquaculture Statistical Yearbook](https://www.fao.org/cwp-on-fishery-statistics/handbook/tools-and-resources/list-of-fao-yearbooks-of-fishery-statistics/en/)","[FAO Anuario - Estadísticas de pesca y acuicultura](https://www.fao.org/cwp-on-fishery-statistics/handbook/tools-and-resources/list-of-fao-yearbooks-of-fishery-statistics/en/)","[FAO Annuaire - Statistiques des pêches et de l'aquaculture](https://www.fao.org/cwp-on-fishery-statistics/handbook/tools-and-resources/list-of-fao-yearbooks-of-fishery-statistics/en/)","2024"
"12.3","2","[Global Capture Production](https://www.fao.org/fishery/en/collection/capture)","[Capturas mundiales](https://www.fao.org/fishery/es/collection/capture)","[Production mondiale des pêches  de capture](https://www.fao.org/fishery/fr/collection/capture)","2024"
"12.4","2","Not applicable","No aplica","Pas applicable","2024"
"12.5","2","This dataset can be consulted through different [tools and formats](https://www.fao.org/fishery/en/collection/capture)","Este conjunto de datos se puede consultar a través de diferentes [herramientas y formatos](https://www.fao.org/fishery/es/collection/capture)","Cet ensemble de données peut être consulté à l'aide de différents [outils et formats](https://www.fao.org/fishery/fr/collection/capture)","2024"
"12.6","2","National reference metadata are submitted by some countries, but these are not yet disseminated by FAO. Information on the methodology followed is available in the Annex 2 ""Methodological notes and glossary"" of the [FAO Yearbook Fishery and Aquaculture Statistics](https://doi.org/10.4060/cd4312en)","","","2023"
"12.6","2","National reference metadata are submitted by some countries, but these are not yet disseminated by FAO. Information on the methodology followed is available in the Annex 2 ""Methodological notes and glossary"" of the [FAO Yearbook Fishery and Aquaculture Statistics](https://doi.org/10.4060/cd6788en).","Algunos países presentan metadatos de referencia nacionales, pero la FAO aún no los difunde. La información sobre la metodología empleada se encuentra en el Anexo 2, «Notas metodológicas y glosario», del [Anuario de Estadísticas de Pesca y Acuicultura de la FAO](https://doi.org/10.4060/cd6788en).","Certains pays ont soumis des métadonnées de référence nationales, mais celles-ci ne sont pas encore diffusées par la FAO. Des informations sur la méthodologie suivie sont disponibles à l'annexe 2 « Notes méthodologiques et glossaire » de l'[Annuaire statistique des pêches et de l'aquaculture de la FAO](https://doi.org/10.4060/cd6788en).","2024"
"13.1","2","The main users are FAO analysts, other international organizations, ministries and government agencies, agro-industry, trade and professional associations, research institutes and universities, journalists and the general public. According to the 2023 FishStat database user consultation, researchers are the largest user group, accounting for almost 32 percent of total respondents, followed by students and educators (around 25 percent), while users from private companies represent a share of 15 percent. The objectives of these users vary, but fishery and aquaculture production statistics are especially useful for market management/monitoring, production forecasts and policy-making in the sector. FAO is not aware of unmet needs. Users are encouraged to contact the dataset owner for resolving more specific queries that are not addressed elsewhere in these metadata.","Los principales usuarios son analistas de la FAO, otras organizaciones internacionales, ministerios y agencias gubernamentales, la agroindustria, asociaciones comerciales y profesionales, institutos de investigación y universidades, periodistas y el público en general. Según la consulta a los usuarios de la base de datos FishStat de 2023, los investigadores constituyen el grupo más numeroso, con casi el 32 % del total de encuestados, seguidos por estudiantes y educadores (alrededor del 25 %), mientras que los usuarios de empresas privadas representan el 15 %. Los objetivos de estos usuarios son diversos, pero las estadísticas de producción pesquera y acuícola resultan especialmente útiles para la gestión y el seguimiento del mercado, las previsiones de producción y la formulación de políticas en el sector. La FAO no tiene conocimiento de necesidades no cubiertas. Se anima a los usuarios a ponerse en contacto con el responsable del conjunto de datos para resolver consultas más específicas que no se aborden en estos metadatos.","Les principaux utilisateurs sont les analystes de la FAO, d'autres organisations internationales, les ministères et les agences gouvernementales, l'agro-industrie, les associations professionnelles et commerciales, les instituts de recherche et les universités, les journalistes et le grand public. Selon la consultation des utilisateurs de la base de données FishStat de 2023, les chercheurs constituent le groupe d'utilisateurs le plus important, représentant près de 32 % du total des répondants. Les étudiants et les enseignants constituent le deuxième plus grand groupe (environ 25 %), tandis que les utilisateurs d'entreprises privées représentent 15 %. Leurs objectifs sont variés, mais les statistiques de production halieutique et aquacole sont particulièrement utiles pour la gestion et le suivi des marchés, les prévisions de production et l'élaboration de politiques dans le secteur. La FAO n'a pas connaissance de besoins non satisfaits. Les utilisateurs sont invités à contacter le propriétaire des données pour toute question plus spécifique qui ne serait pas abordée dans ces métadonnées.","2024"
"13.2","2","The latest quality review is the FishStat database user consultation took place during July-December 2023. About 93 percent of returning users agreed that the FishStat database was adequate for their purpose. As for compliance of the data with the FAO SDQAF quality dimensions, the overall percentage of satisfied  responses was about 81 percent, while the percentage of fully satisfied users simultaneously across all the 5 quality dimensions was 53 percent. The percentage of fully satisfied users is defined as the share of respondents who selected “agree” or “strongly agree” simultaneously across all the different 5 SDQAF dimensions.","La última revisión de calidad, la consulta a los usuarios de la base de datos FishStat, se realizó entre julio y diciembre de 2023. Aproximadamente el 93 % de los usuarios que participaron coincidieron en que la base de datos FishStat era adecuada para sus fines. En cuanto a la conformidad de los datos con las dimensiones de calidad del Marco de Cualificaciones de Datos y Seguridad (SDQAF) de la FAO, el porcentaje general de respuestas satisfactorias fue de aproximadamente el 81 %, mientras que el porcentaje de usuarios plenamente satisfechos en las cinco dimensiones de calidad fue del 53 %. El porcentaje de usuarios plenamente satisfechos se define como la proporción de encuestados que seleccionaron ""de acuerdo"" o ""totalmente de acuerdo"" simultáneamente en las cinco dimensiones del SDQAF.","La dernière évaluation de la qualité, la consultation des utilisateurs de la base de données FishStat, s'est déroulée de juillet à décembre 2023. Environ 93 % des utilisateurs réguliers ont estimé que la base de données FishStat répondait à leurs besoins. Concernant la conformité des données aux dimensions de qualité du SDQAF de la FAO, le pourcentage global de réponses positives était d'environ 81 %, tandis que le pourcentage d'utilisateurs pleinement satisfaits simultanément pour l'ensemble des 5 dimensions de qualité était de 53 %. Le pourcentage d'utilisateurs pleinement satisfaits correspond à la proportion de répondants ayant sélectionné « d'accord » ou « tout à fait d'accord » simultanément pour les 5 dimensions du SDQAF.","2024"
"13.3","2","The availability of official data reported by countries varies widely. Whenever national offices failed to report their annual fishery and aquaculture statistics in time for the dissemination of the dataset, FAO estimated the quantities  on the basis of other available information using approved methodologies in order to create a comprehensive global dataset. These estimates enable meaningful aggregates at the global, regional and national levels. 

In terms of species, FAO tries to collate and disseminate data at the most detailed level available. However, several countries still report their production by large groups of species. In these circumstances the data presented by individual species items may, in some cases, be underestimated. Therefore, when examining the statistics for a particular species, it should be noted that an unknown proportion of the production for that species might have been reported by the national office under the generic, family or order name of the species, or higher levels of aggregation such as “Marine water fishes NEI” or “Freshwater fishes NEI”. Consequently, species item totals may underestimate the real production of the individual species.","La disponibilidad de datos oficiales reportados por los países varía considerablemente. Cuando las oficinas nacionales no reportaron sus estadísticas anuales de pesca y acuicultura a tiempo para la difusión del conjunto de datos, la FAO estimó las cantidades con base en otra información disponible, utilizando metodologías aprobadas para crear un conjunto de datos global integral. Estas estimaciones permiten realizar agregaciones significativas a nivel mundial, regional y nacional.

En cuanto a las especies, la FAO procura recopilar y difundir datos al nivel de detalle más alto disponible. Sin embargo, varios países aún reportan su producción por grandes grupos de especies. En estas circunstancias, los datos presentados para cada especie individual pueden, en algunos casos, estar subestimados. Por lo tanto, al examinar las estadísticas de una especie en particular, debe tenerse en cuenta que una proporción desconocida de la producción de esa especie podría haber sido reportada por la oficina nacional bajo el nombre genérico, de familia u orden de la especie, o niveles de agregación superiores como ""Peces de agua marina NEP"" o ""Peces de agua dulce NEP"". En consecuencia, los totales por especie pueden subestimar la producción real de cada especie.","La disponibilité des données officielles communiquées par les pays varie considérablement. Lorsque les offices nationaux n'ont pas transmis leurs statistiques annuelles sur la pêche et l'aquaculture à temps pour la diffusion de l'ensemble de données, la FAO a estimé les quantités à partir d'autres informations disponibles, en utilisant des méthodologies approuvées, afin de constituer un ensemble de données mondial exhaustif. Ces estimations permettent d'établir des agrégats pertinents aux niveaux mondial, régional et national.

En ce qui concerne les espèces, la FAO s'efforce de rassembler et de diffuser des données au niveau de détail le plus fin possible. Cependant, plusieurs pays continuent de déclarer leur production par grands groupes d'espèces. Dans ces circonstances, les données présentées pour chaque espèce peuvent, dans certains cas, être sous-estimées. Par conséquent, lors de l'examen des statistiques relatives à une espèce particulière, il convient de noter qu'une proportion inconnue de la production de cette espèce a pu être déclarée par l'office national sous le nom générique, la famille ou l'ordre de l'espèce, ou à des niveaux d'agrégation supérieurs tels que « Poissons marins NCA » ou « Poissons d’eau douce NCA ». En conséquence, les totaux par espèce peuvent sous-estimer la production réelle de chaque espèce.","2024"
"14.1","2","The share of estimated/inputted data is about 16 percent of the total. Quality of the data varies according to the country, in particular in reference to the granularity of the detail by species. Overall, this granularity has improved significantly from 660 species items in the early 1950s to over 3 700 species items in 2023. On the other hand still 20 percent of the production is not reported at species level, but in broader groups, at family or higher taxonomic level.","","","2023"
"14.1","2","The share of inputted data (""I"") is about 15 percent of the total. Quality of the data varies according to the country, in particular in reference to the granularity of the detail by species. Overall, this granularity has improved significantly from about 660 species items in the early 1950s to over 3 900 species items in 2024. On the other hand, 20 percent of the production is still not reported at species level, but in broader groups, at family or higher taxonomic level.","La proporción de datos introducidos (""I"") es de aproximadamente el 15 % del total. La calidad de los datos varía según el país, en particular en lo que respecta al nivel de detalle por especie. En general, este nivel de detalle ha mejorado significativamente, pasando de aproximadamente 660 especies a principios de la década de 1950 a más de 3 900 especies en 2024. Por otro lado, todavía el 20 % de la producción no se registra a nivel de especie, sino en grupos más amplios, a nivel de familia o taxonómico superior.","La part des données imputées (""I"") représente environ 15 % du total. La qualité des données varie selon les pays, notamment en ce qui concerne le niveau de détail par espèce. Globalement, ce niveau de détail s'est considérablement amélioré, passant d'environ 660 espèces répertoriées au début des années 1950 à plus de 3 900 en 2024. En revanche, 20 % de la production n'est toujours pas déclarée au niveau de l'espèce, mais par groupes plus larges, au niveau de la famille ou à un niveau taxonomique supérieur.","2024"
"14.2","2","Not applicable","No aplica","Pas applicable","2024"
"14.3","2","Inputation rate: 16 percent in 2023.","","","2023"
"14.3","2","Imputation rate (quantities): 15 percent in 2024.","Tasa de imputación (cantidades): 15 por ciento en 2024.","Taux d’imputation (quantités): 15 pour cent en 2024.","2024"
"14.4","2","Prefilled questionnaires are sent out with reported data for the previous seven years, which countries are asked to revise when they report data for the new production year.","Se envían cuestionarios prellenados con los datos reportados de los siete años anteriores, y se solicita a los países que revisen dichos datos cuando los presenten para el nuevo año de producción.","Des questionnaires préremplis contenant les données déclarées pour les sept années précédentes sont envoyés aux pays. Ceux-ci sont invités à réviser les données (si nécessaire) lorsqu’ils soumettent des données pour la nouvelle année de production.","2024"
"14.5","2","Countries regularly revise their official statistics for past periods as well as for the latest reporting year. Estimates/imputations done by FAO might be also revised on the basis of more accurate information. 
When previously published data are revised, they are disseminated concurrently with the new data release. Therefore, users are advised to refrain from comparing data published in previous releases with the latest one.","Los países revisan periódicamente sus estadísticas oficiales, tanto para periodos anteriores como para el último año de referencia. Las estimaciones y los datos de entrada de la FAO también pueden revisarse en función de información más precisa. Cuando se revisan los datos publicados anteriormente, se difunden simultáneamente con la publicación de los nuevos datos. Por lo tanto, se recomienda a los usuarios que eviten comparar los datos publicados en versiones anteriores con los de la última versión.","Les pays révisent régulièrement leurs statistiques officielles, tant pour les périodes antérieures que pour la dernière année de référence. Les estimations et imputations par la FAO peuvent également être révisées sur la base d'informations plus précises. Lorsque des données publiées antérieurement sont révisées, elles sont diffusées simultanément avec la nouvelle publication. Il est donc conseillé aux utilisateurs de ne pas comparer les données publiées dans les versions précédentes avec les plus récentes.","2024"
"15.1","2","The deadline for submitting capture fisheries data to FAO is usually between 8 to 9 months after the end of the reference year. Data are then normally processed and disseminated within 6 months.","El plazo para presentar los datos de acuicultura a la FAO suele ser de entre 8 y 9 meses después de finalizado el año de referencia. Posteriormente, los datos se procesan y difunden normalmente en un plazo de 6 meses.","Le délai de soumission des données sur la pêche de capture à la FAO est généralement de 8 à 9 mois après la fin de l'année de référence. Les données sont ensuite normalement traitées et diffusées dans un délai de 6 mois.","2024"
"15.2","2","The release is according to the schedule of the calendar.","La publicación se realizará según el calendario previsto.","La publication est effectuée conformément au calendrier.","2024"
"16.1","2","Data are mostly comparable between geographical areas, countries or regions. However it should be taken into account that the degree of comparability might be affected by the differences in methods and coverage of data collections between countries, except for regions where countries are bound by regulations mandating harmonized methods, such as European Union countries.","Los datos suelen ser comparables entre áreas geográficas, países o regiones. Sin embargo, conviene tener en cuenta que el grado de comparabilidad puede verse afectado por las diferencias en los métodos y la cobertura de la recopilación de datos entre países, salvo en regiones donde los países están sujetos a normativas que exigen métodos armonizados, como los países de la Unión Europea.","Les données sont généralement comparables entre les zones géographiques, les pays ou les régions. Il convient toutefois de noter que le degré de comparabilité peut être affecté par les différences de méthodes et de couverture des collectes de données entre les pays, sauf dans les régions où les pays sont liés par des réglementations imposant des méthodes harmonisées, comme dans les pays de l’Union européenne.","2024"
"16.2","2","For shorter time periods, reasonably good comparability over time can be expected. However, as the time series might be very long, full comparability over time cannot be expected. Detailed information on data variations and methodological changes is provided in the country notes, available in FishStatJ ""Global fisheries and aquaculture production"" workspace, capture production dataset.","Para periodos de tiempo más cortos, cabe esperar una comparabilidad razonablemente buena a lo largo del tiempo. Sin embargo, dado que las series temporales pueden ser muy extensas, no se puede garantizar una comparabilidad total. En las notas sobre cada país, disponibles en el espacio de trabajo ""Producción pesquera y acuícola mundial (conjunto de datos ""capturas"")"" de FishStatJ, se ofrece información detallada sobre las variaciones de los datos y los cambios metodológicos.","Pour les périodes plus courtes, une comparabilité raisonnable dans le temps est attendue. Cependant, les séries chronologiques pouvant être très longues, une comparabilité totale ne peut être garantie. Des informations détaillées sur les variations des données et les changements méthodologiques sont fournies dans les notes par pays, disponibles dans l’espace de travail « Statistiques mondiales des captures et de production de l’aquaculture de la FAO (ensemble de données ""captures"") » de FishStatJ.","2024"
"16.3","2","FAO capture production statistics are the only global source of this kind and it is not possible to compare them with other data sources or statistical domains. Yet, the use of internationally recognised code lists such as the ""ASFIS list of species items"" and the FAO major fishing areas, help to ensure cross-domain coherence. Production, processed production and trade data have a high cross-domain coherence, as they are used as inputs in the food balance sheets, which serve as an additional validation of the data in a single supply and utilization framework.","Las estadísticas de capturas de la FAO son la única fuente mundial de este tipo y no es posible compararlas con otras fuentes de datos o ámbitos estadísticos. Sin embargo, el uso de listas de códigos reconocidas internacionalmente, como la «Lista de especies del ASFIS» y las principales zonas de pesca de la FAO, contribuye a garantizar la coherencia entre los distintos ámbitos. Los datos de producción, producción procesada y comercio presentan una alta coherencia entre los distintos ámbitos, ya que se utilizan como insumos en las hojas de balance alimentario, que sirven como validación adicional de los datos en un marco único de oferta y utilización.","Les statistiques de la FAO sur la production des captures constituent la seule source mondiale de ce type et il est impossible de les comparer avec d'autres sources de données ou domaines statistiques. Néanmoins, l'utilisation de listes de codes internationalement reconnues, telles que la « Liste ASFIS des espèces pour les besoins des statistiques des pêches » et les principales zones de pêche de la FAO, contribue à assurer la cohérence entre les domaines. Les données relatives à la production, à la production transformée et aux échanges présentent une forte cohérence interdomaines, car elles servent d'intrants dans les bilans alimentaires, qui constituent une validation supplémentaire des données dans un cadre unique d'offre et de consommation.","2024"
"16.4","2","• [The FAO International Standard Statistical Classification for Aquatic Animals and Plants (ISSCAAP)](https://www.fao.org/fishery/static/ASFIS/ISSCAAP.pdf)

• [FAO ASFIS list](https://www.fao.org/fishery/en/collection/asfis)

• [FAO Major fishing areas for statistical purposes](https://www.fao.org/cwp-on-fishery-statistics/handbook/general-concepts/main-water-areas/en/)

• [UN ""STANDARD COUNTRY OR AREA CODES FOR STATISTICAL USE""](https://unstats.un.org/unsd/methodology/m49/)","• [Clasificación Estadística Internacional Uniforme de la FAO para Animales y Plantas Acuáticas (CEIUAPA)](https://www.fao.org/fishery/static/ASFIS/ISSCAAP.pdf)

• [Lista ASFIS de la FAO](https://www.fao.org/fishery/es/collection/asfis)

• [Principales zonas de pesca de la FAO para fines estadísticos](https://www.fao.org/cwp-on-fishery-statistics/handbook/general-concepts/main-water-areas/en/)

• [Códigos estándar de país o área de la ONU para uso estadístico](https://unstats.un.org/unsd/methodology/m49/)","• [Classification statistique internationale type des animaux et des plantes aquatiques (CSITAPA) de la FAO](https://www.fao.org/fishery/static/ASFIS/ISSCAAP.pdf)

• [Liste ASFIS de la FAO](https://www.fao.org/fishery/fr/collection/asfis)

• [Principales zones de pêche à des fins statistiques de la FAO](https://www.fao.org/cwp-on-fishery-statistics/handbook/general-concepts/main-water-areas/en/)

• [Codes standard des pays ou des zones à usage statistique des Nations Unies](https://unstats.un.org/unsd/methodology/m49/)","2024"
"17.1","2","The main data source is official statistics from FAO member countries. The national data can originate from surveys, administrative databases and estimates based on expert observations. The type of source used by countries can significantly affect reliability and comparability of data. In nearly all cases where countries provide their official production data, these are recorded as reported. However, in the case of issues with the data received, FAO works with the countries to revise their data in order to ensure consistency of the disseminated data. Data are complemented or replaced, when necessary, by information derived from other sources (e.g. regional fisheries management organizations and distant water fleets in exclusive economic zones) in accordance with the standards of the CWP. When no official data are available, unofficial sources may be used. If neither official nor unofficial sources are available, data are imputed. In all cases, disseminated data are flagged accordingly.","La principal fuente de datos son las estadísticas oficiales de los países miembros de la FAO. Los datos nacionales pueden provenir de encuestas, bases de datos administrativas y estimaciones basadas en observaciones de expertos. El tipo de fuente utilizada por los países puede afectar significativamente la fiabilidad y la comparabilidad de los datos. En casi todos los casos en que los países proporcionan sus datos oficiales de producción, estos se registran tal como se informan. Sin embargo, en caso de problemas con los datos recibidos, la FAO trabaja con los países para revisarlos y garantizar la coherencia de los datos difundidos. Los datos se complementan o reemplazan, cuando es necesario, con información derivada de otras fuentes (por ejemplo, organizaciones regionales de ordenación pesquera y flotas de pesca de altura en zonas económicas exclusivas) de acuerdo con las normas del Programa de Conservación de la Pesca (PCP). Cuando no se dispone de datos oficiales, se pueden utilizar fuentes no oficiales. Si no se dispone de fuentes oficiales ni no oficiales, se imputan los datos. En todos los casos, los datos difundidos se marcan como corresponde.","La principale source de données est constituée par les statistiques officielles des pays membres de la FAO. Les données nationales peuvent provenir d'enquêtes, de bases de données administratives et d'estimations fondées sur des observations d'experts. Le type de source utilisé par les pays peut avoir une incidence significative sur la fiabilité et la comparabilité des données. Dans la quasi-totalité des cas où les pays fournissent leurs données officielles de production, celles-ci sont enregistrées telles que déclarées. Toutefois, en cas de problème avec les données reçues, la FAO collabore avec les pays pour les réviser afin d'assurer la cohérence des données diffusées. Les données sont complétées ou remplacées, le cas échéant, par des informations provenant d'autres sources (par exemple, les organisations régionales de gestion des pêches et les flottes de haute mer opérant dans les zones économiques exclusives), conformément aux normes du CWP. En l'absence de données officielles, des sources non officielles peuvent être utilisées. Si aucune source, officielle ou non officielle, n'est disponible, les données sont estimées. Dans tous les cas, les données diffusées sont accompagnées des symboles appropriés.","2024"
"17.2","2","Yearly","Anual","Annuelle","2024"
"17.3","2","FAO data collection is carried out through collaboration with country correspondents in Member States. The data collection process relies on annual production questionnaires (FishStat-NS) sent to countries, as well as data from national publications and official country websites.","La recopilación de datos de la FAO se lleva a cabo mediante la colaboración con corresponsales nacionales en los Estados Miembros. El proceso de recopilación de datos se basa en cuestionarios anuales de producción (FishStat-NS) que se envían a los países, así como en datos procedentes de publicaciones nacionales y sitios web oficiales de cada país.","La collecte des données de la FAO est effectuée en collaboration avec les correspondants nationaux des États membres. Ce processus repose sur les questionnaires annuels de production (FishStatNS) envoyés aux pays, ainsi que sur les données issues des publications nationales et des sites web officiels des pays.","2024"
"17.4","2","Countries are responsible for transmitting data which have already been checked. Validation at FAO concerns any transmission errors and data consistency checks, as well as outlier detection in line with the [FAO statistical standard on data editing and validation of input data](https://www.fao.org/3/cb9341en/cb9341en.pdf) and cross check with data from regional fisheries management organizations for selected species. Other validations consist in assessing consistency over the time series, regularity of totals and partial components and correspondence between variables from different data sets. In the case of issues with the data received, FAO works with the countries to revise their data in order to ensure consistency of the disseminated data.","Los países son responsables de transmitir datos que ya han sido verificados. La validación en la FAO abarca cualquier error de transmisión y comprobación de la coherencia de los datos, así como la detección de valores atípicos de acuerdo con la [norma estadística de la FAO sobre edición y validación de datos de entrada](https://www.fao.org/3/cb9341en/cb9341en.pdf) y la verificación cruzada con datos de organizaciones regionales de ordenación pesquera para especies seleccionadas. Otras validaciones consisten en evaluar la coherencia a lo largo de las series temporales, la regularidad de los totales y componentes parciales y la correspondencia entre variables de diferentes conjuntos de datos. En caso de problemas con los datos recibidos, la FAO trabaja con los países para revisar sus datos a fin de garantizar la coherencia de los datos difundidos.","Il incombe aux pays de transmettre des données préalablement vérifiées. La validation à la FAO porte sur la correction des erreurs de transmission, la vérification de la cohérence des données, la détection des valeurs aberrantes conformément à la [norme statistique de la FAO relative au traitement et à la validation des données d'entrée](https://www.fao.org/3/cb9341en/cb9341en.pdf), et le recoupement avec les données des organisations régionales de gestion des pêches pour certaines espèces. D'autres validations consistent à évaluer la cohérence des séries chronologiques, la régularité des totaux et des composantes partielles, ainsi que la correspondance entre les variables issues de différents ensembles de données. En cas de problème avec les données reçues, la FAO collabore avec les pays pour les réviser afin de garantir la cohérence des données diffusées.","2024"
"17.5","2","FAO is responsible for compiling the data and generating aggregates.","La FAO es responsable de recopilar los datos y generar datos agregados.","La FAO est responsable de la compilation des données et de la production des agrégats.","2024"
"17.6","2","FAO produces global, regional and sub-regional aggregates, in line with the [FAO Statistical Standard Series on Data aggregation](https://www.fao.org/3/cc2918en/cc2918en.pdf).","La FAO elabora agregados mundiales, regionales y subregionales, de conformidad con la [Serie estándar estadística de la FAO sobre agregación de datos](https://www.fao.org/3/cc2918en/cc2918en.pdf).","La FAO produit des agrégats mondiaux, régionaux et sous-régionaux, conformément au [Standard statistique de la FAO sur l’agrégation des données](https://openknowledge.fao.org/server/api/core/bitstreams/9965d142-f4da-40d8-bc3e-e45d417a91cc/content) .","2024"
"17.7","2","The country correspondents are responsible for the quality of data. FAO validates and eventually corrects country data in consultation with them.","Los corresponsales nacionales son responsables de la calidad de los datos. La FAO valida y, en su caso, corrige los datos nacionales en consulta con ellos.","Les correspondants nationaux sont responsables de la qualité des données. La FAO valide et, le cas échéant, corrige les données des pays, en consultation avec ceux-ci.","2024"
"17.8","2","Imputations are made according to the [FAO Statistical Standard Series - Imputation (2023)](https://www.fao.org/3/cb9339en/cb9339en.pdf)","Las imputaciones se realizan de acuerdo con la [Serie de Normas Estadísticas de la FAO - Imputación (2023)](https://www.fao.org/3/cb9339en/cb9339en.pdf)","Les imputations sont effectuées conformément au [Standard statistiques de la FAO – Imputation (2023)](https://www.fao.org/3/cb9339en/cb9339en.pdf).","2024"
"18.1","2","FAO is responsible for the quality of internal statistical processes used to compile the published datasets. The [FAO Statistics and Data Quality Assurance Framework (SDQAF)](https://openknowledge.fao.org/items/01debb18-63b2-403b-87fe-0eca5409656e)  provides the necessary principles, guidelines and tools to carry out quality assessments. FAO is performing an internal bi-annual survey (FAO Quality Assessment and Planning Survey) designed to gather information on all of FAO’s statistical activities, notably to assess the extent to which quality standards are being implemented with a view to increasing compliance with the quality dimensions of SDQAF, documenting best practices and preparing quality improvement plans, where necessary. Domain-specific quality assurance activities are carried out systematically (e.g. quality reviews, self-assessments, compliance monitoring).","La FAO es responsable de la calidad de los procesos estadísticos internos utilizados para compilar los conjuntos de datos publicados. El [Marco de Garantía de la Calidad de las Estadísticas y los Datos de la FAO (SDQAF)](https://openknowledge.fao.org/items/01debb18-63b2-403b-87fe-0eca5409656e) proporciona los principios, directrices y herramientas necesarios para realizar evaluaciones de calidad. La FAO realiza una encuesta interna semestral (Encuesta de Evaluación y Planificación de la Calidad de la FAO) diseñada para recopilar información sobre todas las actividades estadísticas de la FAO, en particular para evaluar el grado de implementación de las normas de calidad con el fin de aumentar el cumplimiento de las dimensiones de calidad del SDQAF, documentar las mejores prácticas y preparar planes de mejora de la calidad, cuando sea necesario. Las actividades de garantía de calidad específicas de cada ámbito se llevan a cabo sistemáticamente (por ejemplo, revisiones de calidad, autoevaluaciones, seguimiento del cumplimiento).","La FAO est responsable de la qualité des processus statistiques internes utilisés pour compiler les ensembles de données publiés. Le [SDQAF de la FAO](https://openknowledge.fao.org/items/01debb18-63b2-403b-87fe-0eca5409656e) fournit les principes, les lignes directrices et les outils nécessaires à la réalisation d’évaluations de la qualité. La FAO mène une enquête interne bisannuelle (Enquête d’évaluation et de planification de la qualité de la FAO) visant à recueillir des informations sur toutes ses activités statistiques, notamment pour évaluer dans quelle mesure les normes de qualité sont mises en œuvre en vue d’améliorer la conformité aux dimensions de qualité du SDQAF, de documenter les meilleures pratiques et d’élaborer, le cas échéant, des plans d’amélioration de la qualité. Des activités d’assurance qualité spécifiques à chaque domaine sont menées de manière systématique (par exemple, examens de la qualité, auto-évaluations, suivi de la conformité).","2024"
"18.2","2","The quality of FAO statistics is highly dependent upon the accuracy and reliability of the data collected and provided by countries. FAO strives to validate and ensure the quality of official data received by validating and cross checking them. FAO also works with countries to revise their data when appropriate to ensure consistency in the dissemination of official data. In the case of global capture fisheries production, data are complemented or replaced, when necessary, by data from other sources (e.g. regional fisheries management organizations and distant water fleets in exclusive economic zones) in accordance with the standards of the CWP.

According to the 2025 Quality Assessment and Planning Survey (QAPS) of FAO, global capture fisheries production data domain reported a quality score of 0.91. According to the QAPS a statistical output is considered of good quality when it reaches a quality score of 0.6 or above.","La calidad de las estadísticas de la FAO depende en gran medida de la exactitud y fiabilidad de los datos recopilados y proporcionados por los países. La FAO se esfuerza por validar y garantizar la calidad de los datos oficiales recibidos mediante su verificación y cotejo. Asimismo, colabora con los países para revisar sus datos cuando sea necesario, a fin de asegurar la coherencia en la difusión de la información oficial. En el caso de la producción pesquera mundial, los datos se complementan o sustituyen, cuando es preciso, con datos de otras fuentes (por ejemplo, organizaciones regionales de ordenación pesquera y flotas de pesca de altura en zonas económicas exclusivas), de conformidad con las normas del Programa Mundial de Pesca (PMP).

Según la Encuesta de Evaluación y Planificación de la Calidad (ECPC) de la FAO de 2025, este ámbito de datos obtuvo una puntuación de calidad de 0,91. De acuerdo con la ECPC, un resultado estadístico se considera de buena calidad cuando alcanza una puntuación de 0,6 o superior.","La qualité des statistiques de la FAO dépend fortement de l’exactitude et de la fiabilité des données collectées et fournies par les pays. La FAO s'efforce de valider et d'assurer la qualité des données officielles reçues en les validant et en les recoupant. Elle collabore également avec les pays pour réviser leurs données, le cas échéant, afin de garantir la cohérence dans la diffusion de ces dernières. Dans le cas de la production de la pêche de capture, les données sont complétées ou remplacées, si nécessaire, par des données provenant d'autres sources (par exemple, les organisations régionales de gestion des pêches et les flottes de haute mer opérant dans les zones économiques exclusives), conformément aux normes du CWP.

Selon l'Enquête d'évaluation et de planification de la qualité (QAPS) 2025 de la FAO, le domaine de données de la production des pêches de capture a obtenu un score de qualité de 0,91. Selon le QAPS, un résultat statistique est considéré comme de bonne qualité lorsqu'il atteint un score de 0,6 ou plus.","2024"
"19","2","Not applicable","No aplica","Pas applicable","2024"
"20","2","Not applicable","No aplica","Pas applicable","2024"
"01","3","Global fisheries and aquaculture production - Metadata","Producción mundial de pesca y acuicultura - Metadatos","Production mondiale de la pêche et de l'aquaculture - Métadonnées","2024"
"02.1","3","Food and Agriculture Organization of the United Nations (FAO)","Organización de las Naciones Unidas para la Alimentación y la Agricultura (FAO)","Organisation des Nations Unies pour l'alimentation et l'agriculture (FAO)","2024"
"02.2","3","[Global fisheries and aquaculture production](https://www.fao.org/fishery/en/collection/global_production?lang=en)","[Producción mundial de pesca y acuicultura](https://www.fao.org/fishery/es/collection/global_production?lang=en)","[Production mondiale de la pêche et de l'aquaculture](https://www.fao.org/fishery/fr/collection/global_production?lang=en)","2024"
"03.1","3","Food and Agriculture Organization of the United Nations (FAO)","Organización de las Naciones Unidas para la Alimentación y la Agricultura (FAO)","Organisation des Nations Unies pour l'alimentation et l'agriculture (FAO)","2024"
"03.2","3","Statistics and Information Team (NFISI) of the FAO Fisheries and Aquaculture Division (NFI)","Equipo de estadísticas e información (NFISI) de la División de Pesca y Acuicultura (NFI) de la FAO","Équipe Statistiques et Information (NFISI) de la Division des pêches et de l'aquaculture (NFI) de la FAO","2024"
"03.3","3","Viale delle Terme di Caracalla, 00153 Rome, Italy","Viale delle Terme di Caracalla, 00153 Roma, Italia","Viale delle Terme di Caracalla, 00153 Rome, Italie","2024"
"03.4","3","[Fish-Statistics-Inquiries@fao.org](mailto:Fish-Statistics-Inquiries@fao.org)","[Fish-Statistics-Inquiries@fao.org](mailto:Fish-Statistics-Inquiries@fao.org)","[Fish-Statistics-Inquiries@fao.org](mailto:Fish-Statistics-Inquiries@fao.org)","2024"
"04.1","3","28/03/2026","28/03/2026","28/03/2026","2024"
"04.2","3","28/03/2026","28/03/2026","28/03/2026","2024"
"05.1","3","This dataset covers annual series of the volume of total fisheries and aquaculture production from 1950 by production source (total, capture and aquaculture), country or area, species and FAO major fishing area. Data cover aquatic animals (fish, crustaceans, molluscs, etc.), aquatic plants (seaweed and other algae) and aquatic products (shells, corals, pearls and sponges) harvested through capture fisheries and aquaculture activities, whether marine or inland, for commercial, industrial, recreational and subsistence purposes for both food and other uses.","Este conjunto de datos abarca series anuales del volumen total de producción pesquera y acuícola desde 1950 por fuente de producción (total, captura y acuicultura), país o área, especie y zona pesquera principal de la FAO. Los datos incluyen animales acuáticos (peces, crustáceos, moluscos, etc.), plantas acuáticas (algas marinas y otras algas) y productos acuáticos (conchas, corales, perlas y esponjas) obtenidos mediante actividades pesqueras y acuícolas, tanto marinas como continentales, con fines comerciales, industriales, recreativos y de subsistencia, tanto para alimentación como para otros usos.","Cet ensemble de données couvre les séries annuelles du volume de la production totale des pêches et de l'aquaculture depuis 1950, ventilées par source de production (totale, capture et aquaculture), pays ou zone, espèce et principale zone de pêche de la FAO. Les données concernent les animaux aquatiques (poissons, crustacés, mollusques, etc.), les plantes aquatiques (algues marines et autres algues) et les produits aquatiques (coquillages, coraux, perles et éponges) issus de la pêche de capture et de l'aquaculture, en mer ou en eaux intérieures, à des fins commerciales, industrielles, récréatives et de subsistance, pour l'alimentation et d'autres usages.","2024"
"05.2","3","The dataset provides comprehensive coverage of the global fisheries and aquaculture production, including  approximately 4 000 species items, 26 major fishing areas and 249 countries or areas. FAO strives to provide data for all countries and territories covering fisheries and aquaculture production at the most detailed level of species items.","El conjunto de datos ofrece una cobertura integral de la producción pesquera y acuícola mundial, incluyendo aproximadamente 4 000 especies, 26 zonas de pesca principales y 249 países o territorios. La FAO se esfuerza por proporcionar datos de todos los países y territorios sobre la producción pesquera y acuícola con el mayor nivel de detalle posible, a nivel de especies.","L'ensemble de données offre une couverture exhaustive de la production mondiale des pêches et de l'aquaculture, incluant environ 4 000 espèces, 26 principales zones de pêche et 249 pays ou zones. La FAO s'efforce de fournir des données pour tous les pays et territoires, couvrant la production des pêches et de l'aquaculture avec le niveau de détail le plus fin possible en termes d’espèce.","2024"
"05.3","3","Fisheries and aquaculture production","Producción de pesca y acuacultura","Production des pêches et de l'aquaculture","2024"
"05.4","3","Data cover fish, crustaceans, molluscs, aquatic mammals, other aquatic animals, products (shells, corals, pearls and sponges) and aquatic plants (seaweed and other algae - macroalgae, microalgae and cyanobacteria) harvested from fisheries and aquaculture activities taken for commercial, industrial, recreational and subsistence purposes from inland waters, brackish and marine areas. Data include all quantities farmed (including from mariculture), caught and landed for both food and feed purposes, but exclude discards. 

Capture fisheries refers to the hunting, collecting and gathering activities directed at removing or collecting live wild aquatic organisms. Data relate to nominal landings, converted into a live weight basis (wet weight for algae), of fish, crustaceans, molluscs, aquatic mammals, other aquatic animals, products (corals, pearls and sponges) and aquatic plants (seaweed and other algae) taken for commercial, industrial, recreational and subsistence purposes from inland waters, brackish and marine areas, including inshore, offshore and high seas marine fishing areas. Data include all quantities caught and landed for both food and feed purposes but exclude discards, live escapements or losses prior to landings. The flag of the fishing vessel performing the essential part of the fishing operation is used to assign nationality to catches, unless the wording of chartering and joint operation contracts indicates otherwise.

Aquaculture is the farming of aquatic organisms including fish, molluscs, crustaceans and aquatic plants (seaweed and other algae). Farming implies some form of intervention in the rearing process to enhance production, such as regular stocking, feeding, protection from predators, etc. Farming also implies individual or corporate ownership of the stock being cultivated. For statistical purposes, aquatic organisms which are harvested by an individual or corporate body which has owned them throughout their rearing period contribute to aquaculture while aquatic organisms which are exploitable by the public as a common property resource, with or without appropriate licenses, are the harvest of fisheries. production

Fish, crustaceans, molluscs and all other aquatic organisms included in the dataset have been classified according to approximately 3 900 commercial species items, further arranged within the 50 groups of species constituting the nine divisions of the FAO International Standard Statistical Classification of Aquatic Animals and Plants (ISSCAAP) on the basis of their taxonomic, ecological and economic characteristics. The taxonomic code descriptors are taken from the ""ASFIS list of species for fishery statistics purposes"" (version 2024). Please note that the list of species disseminated in these datasets might not adhere entirely to ASFIS (version 2024) due to differing publication schedules. More information about the ASFIS list and the ISSCAAP classification is available at https://www.fao.org/fishery/en/collection/asfis.

Capture and aquaculture production is also classified according to the inland water or marine area where the catches or farming took place. These are divided into eight FAO major inland fishing areas and 19 FAO major marine [fishing areas](https://www.fao.org/cwp-on-fishery-statistics/handbook/general-concepts/main-water-areas/en/), internationally established for fishery statistical purposes.

Statistical concepts and standards related to fisheries and aquaculture statistics are available in the [Handbook of Fishery Statistics of the Coordinating Working Party on Fishery Statistics (CWP)](https://www.fao.org/cwp-on-fishery-statistics/handbook/en/) .","","","2023"
"05.4","3","Data cover fish, crustaceans, molluscs, aquatic mammals, other aquatic animals, products (shells, corals, pearls and sponges) and aquatic plants (seaweed and other algae - macroalgae, microalgae and cyanobacteria) harvested from fisheries and aquaculture activities taken for commercial, industrial, recreational and subsistence purposes from inland waters, brackish and marine areas. Data include all quantities farmed (including from mariculture), caught and landed for both food and feed purposes, but exclude discards. 

Capture fisheries refers to the hunting, collecting and gathering activities directed at removing or collecting live wild aquatic organisms. Data relate to nominal landings, converted into a live weight basis (wet weight for algae), of fish, crustaceans, molluscs, aquatic mammals, other aquatic animals, products (corals, pearls and sponges) and aquatic plants (seaweed and other algae) taken for commercial, industrial, recreational and subsistence purposes from inland waters, brackish and marine areas, including inshore, offshore and high seas marine fishing areas. Data include all quantities caught and landed for both food and feed purposes but exclude discards, live escapements or losses prior to landings. The flag of the fishing vessel performing the essential part of the fishing operation is used to assign nationality to catches, unless the wording of chartering and joint operation contracts indicates otherwise.

Aquaculture is the farming of aquatic organisms including fish, molluscs, crustaceans and aquatic plants (seaweed and other algae). Farming implies some form of intervention in the rearing process to enhance production, such as regular stocking, feeding, protection from predators, etc. Farming also implies individual or corporate ownership of the stock being cultivated. For statistical purposes, aquatic organisms  harvested by an individual or corporate body that has owned them throughout their rearing period are classified as aquaculture, whereas aquatic organisms that are exploitable by the public as a common property resource, with or without appropriate licenses, are classified as the harvest of fisheries production.

Fish, crustaceans, molluscs and all other aquatic organisms included in the dataset have been classified according to approximately 4 000 commercial species items, further arranged within the 50 groups of species constituting the nine divisions of the FAO International Standard Statistical Classification of Aquatic Animals and Plants (ISSCAAP) on the basis of their taxonomic, ecological and economic characteristics. The taxonomic code descriptors are taken from the ""ASFIS list of species for fishery statistics purposes"" (version 2026), which will be disseminated during summer 2026. Please note that the list of species disseminated in these datasets might not adhere entirely to ASFIS (version 2026) due to differing publication schedules. More information about the ASFIS list and the ISSCAAP classification is available at https://www.fao.org/fishery/en/collection/asfis.

Capture and aquaculture production is also classified according to the inland water or marine area where the catches or farming took place. These are divided into eight FAO major inland fishing areas and 19 FAO major marine [fishing areas](https://www.fao.org/cwp-on-fishery-statistics/handbook/general-concepts/main-water-areas/en/), internationally established for fishery statistical purposes.

Statistical concepts and standards related to fisheries and aquaculture statistics are available in the [Handbook of Fishery Statistics of the Coordinating Working Party on Fishery Statistics (CWP)](https://www.fao.org/cwp-on-fishery-statistics/handbook/en/) .","Los datos abarcan peces, crustáceos, moluscos, mamíferos acuáticos, otros animales acuáticos, productos (conchas, corales, perlas y esponjas) y plantas acuáticas (algas marinas y otras algas: macroalgas, microalgas y cianobacterias) obtenidos mediante pesca y acuicultura con fines comerciales, industriales, recreativos y de subsistencia en aguas continentales, salobres y marinas. Los datos incluyen todas las cantidades cultivadas (incluida la maricultura), capturadas y desembarcadas para consumo humano y animal, pero excluyen los descartes.

Las capturas se refieren a las actividades de caza, recolección y captura dirigidas a extraer o recolectar organismos acuáticos silvestres vivos. Los datos se refieren a los desembarques nominales, convertidos a peso vivo (peso húmedo para las algas), de peces, crustáceos, moluscos, mamíferos acuáticos, otros animales acuáticos, productos (corales, perlas y esponjas) y plantas acuáticas (algas marinas y otras algas) capturados con fines comerciales, industriales, recreativos y de subsistencia en aguas continentales, salobres y marinas, incluyendo zonas de pesca costeras, de alta mar y de mar abierto. Los datos incluyen todas las cantidades capturadas y desembarcadas para consumo humano y animal, pero excluyen los descartes, los ejemplares vivos que escapan al mar o las pérdidas previas al desembarque. La bandera del buque pesquero que realiza la parte esencial de la operación se utiliza para asignar la nacionalidad a las capturas, a menos que los contratos de fletamento y de operación conjunta indiquen lo contrario.

La acuicultura es el cultivo de organismos acuáticos, incluyendo peces, moluscos, crustáceos y plantas acuáticas (algas marinas y otras algas). La acuicultura implica algún tipo de intervención en el proceso de cría para mejorar la producción, como la siembra regular, la alimentación, la protección contra depredadores, etc. También implica la propiedad individual o corporativa de los organismos cultivados. A efectos estadísticos, los organismos acuáticos que son cosechados por una persona o entidad que los ha poseído durante todo su período de cría se consideran parte de la acuicultura, mientras que los organismos acuáticos que pueden ser explotados por el público como recurso de dominio público, con o sin las licencias correspondientes, se consideran parte de la producción pesquera.

Los peces, crustáceos, moluscos y demás organismos acuáticos incluidos en el conjunto de datos se han clasificado según aproximadamente 4 000 especies comerciales, organizadas a su vez en los 50 grupos de especies que conforman las nueve divisiones de la Clasificación Estadística Internacional Uniforme de Animales y Plantas Acuáticas (ISSCAAP) de la FAO, en función de sus características taxonómicas, ecológicas y económicas. Los descriptores de los códigos taxonómicos se han tomado de la ""Lista de especies del ASFIS para fines estadísticos pesqueros"" (versión 2026) que se difundirá durante el verano de 2026. Tenga en cuenta que la lista de especies difundida en estos conjuntos de datos podría no ajustarse completamente a la ASFIS (versión 2026) debido a las diferencias en los calendarios de publicación. Puede encontrar más información sobre la lista ASFIS y la clasificación ISSCAAP en https://www.fao.org/fishery/es/collection/asfis.

La producción de captura y acuicultura también se clasifica según la zona de aguas continentales o marinas donde se realizaron las capturas o el cultivo. Estas se dividen en ocho [zonas principales](https://www.fao.org/cwp-on-fishery-statistics/handbook/general-concepts/main-water-areas/en/) de pesca continental de la FAO y 19 zonas principales de pesca marina de la FAO, establecidas internacionalmente con fines estadísticos pesqueros.

Los conceptos y estándares estadísticos relacionados con las estadísticas de pesca y acuicultura están disponibles en el [Manual de estadísticas pesqueras del Grupo de Trabajo Coordinador sobre Estadísticas Pesqueras (CWP)](https://www.fao.org/cwp-on-fishery-statistics/handbook/en/).","Les données couvrent les poissons, les crustacés, les mollusques, les mammifères aquatiques, les autres animaux aquatiques, leurs produits (coquillages, coraux, perles et éponges) et les plantes aquatiques (algues marines et autres algues – macroalgues, microalgues et cyanobactéries) issus des activités de pêche et d’aquaculture pratiquées à des fins commerciales, industrielles, récréatives et de subsistance, en eaux intérieures, saumâtres et marines. Les données incluent toutes les quantités issues de l’élevage (y compris la mariculture), capturées et débarquées pour l’alimentation humaine et animale, mais excluent les rejets.

La pêche de capture désigne les activités de chasse, de collecte et de ramassage visant à prélever ou à collecter des organismes aquatiques sauvages vivants. Les données concernent les débarquements nominaux, convertis en poids vif (poids humide pour les algues), de poissons, crustacés, mollusques, mammifères aquatiques, autres animaux aquatiques, produits (coraux, perles et éponges) et plantes aquatiques (algues marines et autres algues) capturés à des fins commerciales, industrielles, récréatives et de subsistance dans les eaux intérieures, saumâtres et marines, y compris les zones de pêche côtières, hauturières et de haute mer. Ces données incluent toutes les quantités capturées et débarquées pour l'alimentation humaine et animale, mais excluent les rejets, les échappées vivantes et les pertes avant débarquement. Le pavillon du navire de pêche effectuant l'essentiel de l'opération de pêche est utilisé pour attribuer la nationalité des captures, sauf indication contraire dans les contrats d'affrètement et d'exploitation conjointe.

L'aquaculture est l'élevage d'organismes aquatiques, notamment de poissons, de mollusques, de crustacés et de plantes aquatiques (algues marines et autres algues). L'élevage implique une forme d'intervention afin d'améliorer la production, comme le réempoissonnement régulier, l'alimentation, la protection contre les prédateurs, etc. L'élevage implique également la propriété individuelle ou en société du stock cultivé. À des fins statistiques, les organismes aquatiques récoltés par une personne physique ou morale qui en a été propriétaire tout au long de leur période d'élevage relèvent de l'aquaculture, tandis que les organismes aquatiques exploitables par le public en tant que ressource commune, avec ou sans permis approprié, relèvent de la production halieutique.

Les poissons, crustacés, mollusques et tous les autres organismes aquatiques inclus dans l'ensemble de données ont été classés selon environ 4 000 espèces commerciales, elles-mêmes réparties dans les 50 groupes d'espèces constituant les neuf divisions de la Classification statistique internationale type des animaux et des plantes aquatiques (CSITAPA) de la FAO, en fonction de leurs caractéristiques taxonomiques, écologiques et économiques. Les descripteurs des codes taxonomiques sont tirés de la « La liste ASFIS des espèces pour les besoins des statistiques des pêches » (version 2026) qui sera diffusée durant l'été 2026. Veuillez noter que la liste des espèces diffusée dans ces jeux de données peut ne pas être entièrement conforme à l'ASFIS (version 2026) en raison de différences dans les calendriers de publication. Pour plus d'informations sur la liste ASFIS et la classification CSITAPA, veuillez consulter le site : https://www.fao.org/fishery/fr/collection/asfis. 

La production de capture et d'aquaculture est également classée selon la zone d'eaux intérieures ou marines où les captures ou l'élevage ont eu lieu. Ces zones sont réparties en huit principales [zones de pêche](https://www.fao.org/cwp-on-fishery-statistics/handbook/general-concepts/main-water-areas/fr) continentales selon la FAO et 19 principales zones de pêche maritime de la FAO, établies internationalement à des fins statistiques sur les pêches.

Les concepts et normes statistiques relatifs aux statistiques des pêches et de l'aquaculture sont disponibles dans le [Manuel des statistiques des pêches du Groupe de travail chargé de coordonner les statistiques des pêches (CWP)](https://www.fao.org/cwp-on-fishery-statistics/handbook/fr).","2024"
"05.5","3","The list of countries and the geographical classification are primarily based on the UN ""[Standard country or area codes for statistical use](https://unstats.un.org/unsd/methodology/m49/)"".
Additional country classifications available in the released workspace of this dataset available in FishStatJ or online query panel are based on a variety of sources. Here below the main ones:

• [Least Developed Countries (LDC) (version 2024)](https://www.un.org/development/desa/dpad/wp-content/uploads/sites/45/publication/ldc_list.pdf)

• [Low-Income Food-Deficit Countries (LIFDCs) (2023 revision)](https://www.fao.org/countryprofiles/lifdc/en/)

• [Landlocked Developing Countries (LLDCs)](https://unctad.org/topic/landlocked-developing-countries/list-of-LLDCs)

• [Small Island Developing States (SIDS)](https://www.un.org/ohrlls/content/list-sids)

• [Net Food-Importing Developing Countries (NFIDC) (2024 revision)](https://docs.wto.org/dol2fe/Pages/SS/directdoc.aspx?filename=q:/G/AG/5R12.pdf&Open=True)

• [The classification of the World Bank by income (2025 revision)](https://datahelpdesk.worldbank.org/knowledgebase/articles/906519-world-bank-country-and-lending-groups)

The term “country"" or ""country or area” as used in the dataset also covers territories, cities and land areas, as well as provinces, districts, enclaves and other parts of territories or combinations of countries or areas such as economic or customs unions. Country or area names and designations are subject to nationally announced changes. Name changes announced recently may not have been incorporated in this dataset release but will be reflected in future ones. The designations employed and the presentation of material in this dataset do not imply the expression of any opinion whatsoever on the part of FAO concerning the legal or development status of any country, territory, city or area or of its authorities, or concerning the delimitation of its frontiers or boundaries.

Specific notes on geographical coverage: 

1) Information provided by Ukraine excludes statistical data concerning the Autonomous Republic of Crimea, the city of Sevastopol and the Donetsk, Luhansk, Kherson and Zaporizhzhia regions. The information is presented without prejudice to relevant UN General Assembly and UN Security Council resolutions, which reaffirm the territorial integrity of Ukraine. 

2) Information provided by the Russian Federation includes statistical data for the Autonomous Republic of Crimea and the city of Sevastopol, Ukraine, temporarily occupied by the Russian Federation.

3) Data for countries that belonged to the former Union of Soviet Socialist Republics (former USSR) are available as a single aggregate until 1991. 

4) For statistical purposes, the data for China do not include China, Hong Kong SAR, China, Macao SAR and Taiwan Province of China, which are presented separately. Therefore, “China” refers to China’s mainland only.

5) Detailed country or area notes are available inside the global fisheries and aquaculture production workspace in FishStatJ.","","","2023"
"05.5","3","The list of countries and the geographical classification are primarily based on the UN ""[Standard country or area codes for statistical use](https://unstats.un.org/unsd/methodology/m49/)"".
Additional country classifications available in the released workspace of this dataset available in FishStatJ or online query panel are based on a variety of sources. Here below the main ones:

• [Least Developed Countries (LDC) (version 2024)](https://www.un.org/development/desa/dpad/wp-content/uploads/sites/45/publication/ldc_list.pdf)

• [Low-Income Food-Deficit Countries (LIFDCs) (2026 revision)](https://www.fao.org/countryprofiles/lifdc/en/)

• [Landlocked Developing Countries (LLDCs)](https://unctad.org/topic/landlocked-developing-countries/list-of-LLDCs)

• [Small Island Developing States (SIDS)](https://www.un.org/ohrlls/content/list-sids)

• [Net Food-Importing Developing Countries (NFIDC) (2024 revision)](https://docs.wto.org/dol2fe/Pages/SS/directdoc.aspx?filename=q:/G/AG/5R12.pdf&Open=True)

• [The classification of the World Bank by income (2026 revision)](https://datahelpdesk.worldbank.org/knowledgebase/articles/906519-world-bank-country-and-lending-groups)

The term “country"" or ""country or area” as used in the dataset also covers territories, cities and land areas, as well as provinces, districts, enclaves and other parts of territories or combinations of countries or areas such as economic or customs unions. Country or area names and designations are subject to nationally announced changes. Name changes announced recently may not have been incorporated in this dataset release but will be reflected in future ones. The designations employed and the presentation of material in this dataset do not imply the expression of any opinion whatsoever on the part of FAO concerning the legal or development status of any country, territory, city or area or of its authorities, or concerning the delimitation of its frontiers or boundaries.

Specific notes on geographical coverage: 

1) Information provided by Ukraine excludes statistical data concerning the Autonomous Republic of Crimea, the city of Sevastopol and the Donetsk, Luhansk, Kherson and Zaporizhzhia regions. The information is presented without prejudice to relevant UN General Assembly and UN Security Council resolutions, which reaffirm the territorial integrity of Ukraine. 

2) Information provided by the Russian Federation includes statistical data for the Autonomous Republic of Crimea and the city of Sevastopol, Ukraine, temporarily occupied by the Russian Federation.

3) Data for countries that belonged to the former Union of Soviet Socialist Republics (former USSR) are available as a single aggregate until 1991. 

4) For statistical purposes, the data for China do not include China, Hong Kong SAR, China, Macao SAR and Taiwan Province of China, which are presented separately. Therefore, “China” refers to China’s mainland only.

5) Detailed country or area notes are available inside the global fisheries and aquaculture production workspace in FishStatJ.","La lista de países y la clasificación geográfica se basan principalmente en los [códigos estándar de países o áreas para uso estadístico de la ONU](https://unstats.un.org/unsd/methodology/m49/).

Las clasificaciones adicionales de países disponibles en el espacio de trabajo de este conjunto de datos, accesible en FishStatJ o en el panel de consulta en línea, se basan en diversas fuentes. A continuación, las principales:

• [Países Menos Adelantados (PMA) (versión 2024)](https://www.un.org/development/desa/dpad/wp-content/uploads/sites/45/publication/ldc_list.pdf)

• [Países de Bajos Ingresos con Déficit Alimentario (PABD) (revisión 2026)](https://www.fao.org/countryprofiles/lifdc/en/)

• [Países en Desarrollo sin Litoral (PDSL)](https://unctad.org/topic/landlocked-developing-countries/list-of-LLDC)

• [Pequeños Estados Insulares en Desarrollo (PEID)](https://www.un.org/ohrlls/content/list-sids)

• [Países en Desarrollo Importadores Netos de Alimentos (PDIF) (Revisión 2024)](https://docs.wto.org/dol2fe/Pages/SS/directdoc.aspx?filename=q:/G/AG/5R12.pdf&Open=True)

• [Clasificación del Banco Mundial por ingresos (revisión de 2026)](https://datahelpdesk.worldbank.org/knowledgebase/articles/906519-world-bank-country-and-lending-groups)

El término «país» o «país o área», tal como se utiliza en el conjunto de datos, abarca territorios, ciudades y áreas terrestres, así como provincias, distritos, enclaves y otras partes de territorios o combinaciones de países o áreas, como uniones económicas o aduaneras. Los nombres y designaciones de países o áreas están sujetos a cambios anunciados a nivel nacional. Es posible que los cambios de nombre anunciados recientemente no se hayan incorporado en esta versión del conjunto de datos, pero se reflejarán en futuras versiones. Las denominaciones empleadas y la presentación del material en este conjunto de datos no implican la expresión de opinión alguna por parte de la FAO sobre la situación jurídica o de desarrollo de ningún país, territorio, ciudad o zona, ni sobre sus autoridades, ni sobre la delimitación de sus fronteras.

Notas específicas sobre la cobertura geográfica:

1) La información proporcionada por Ucrania excluye los datos estadísticos relativos a la República Autónoma de Crimea, la ciudad de Sebastopol y las regiones de Donetsk, Lugansk, Jersón y Zaporiyia. Esta información se presenta sin perjuicio de las resoluciones pertinentes de la Asamblea General y del Consejo de Seguridad de las Naciones Unidas, que reafirman la integridad territorial de Ucrania.

2) La información proporcionada por la Federación de Rusia incluye datos estadísticos de la República Autónoma de Crimea y la ciudad de Sebastopol, Ucrania, ocupada temporalmente por la Federación de Rusia.

3) Los datos de los países que pertenecieron a la antigua Unión de Repúblicas Socialistas Soviéticas (antigua URSS) están disponibles como un único agregado hasta 1991.

4) A efectos estadísticos, los datos de China no incluyen China, la RAE de Hong Kong, China, la RAE de Macao ni la provincia china de Taiwán, que se presentan por separado. Por lo tanto, «China» se refiere únicamente a la China continental.

5) En el espacio de trabajo global de producción pesquera y acuícola de FishStatJ se encuentran disponibles notas detalladas sobre países o regiones.","La liste des pays et la classification géographique sont principalement basées sur les [« Codes standard des pays et des zones à usage statistique » des Nations Unies](https://unstats.un.org/unsd/methodology/m49/). D'autres classifications de pays, disponibles dans l'espace de travail de cet ensemble de données accessible via FishStatJ ou le panneau de requête en ligne, proviennent de diverses sources. Voici les principales catégories :

• [Pays les moins avancés (PMA) (version 2024)](https://www.un.org/development/desa/dpad/wp-content/uploads/sites/45/publication/ldc_list.pdf)

• [Pays à faible revenu et à déficit vivrier (PFRDV) (révision 2026)](https://www.fao.org/member-countries/lifdc/fr)

• [Pays en développement sans littoral (PDSL)](https://unctad.org/topic/landlocked-developing-countries/list-of-LLDCs)

• [Petits États insulaires en développement (PEID)](https://www.un.org/ohrlls/content/list-sids)

• [Pays en développement importateurs nets de produits alimentaires (PDNIPA) (révision 2024)](https://docs.wto.org/dol2fe/Pages/SS/directdoc.aspx?filename=q:/G/AG/5R12.pdf&Open=True)

• [Classification de la Banque mondiale par revenu (révision 2026)](https://datahelpdesk.worldbank.org/knowledgebase/articles/906519-world-bank-country-and-lending-groups)

Le terme « pays » ou « pays ou zone », tel qu’il est utilisé dans l’ensemble de données, couvre également les territoires, les villes et les superficies, ainsi que les provinces, les districts, les enclaves et autres parties de territoires ou regroupements de pays ou de zones, tels que les unions économiques ou douanières. Les noms et désignations des pays ou zones sont susceptibles d’être modifiés au niveau national. Les changements de noms annoncés récemment peuvent ne pas avoir été intégrés à cette version de l’ensemble de données, mais le seront dans les versions ultérieures. Les appellations employées et la présentation des données figurant dans cet ensemble n'impliquent de la part de la FAO aucune prise de position quant au statut juridique ou de développement d'un pays, territoire, ville ou zone, ou de ses autorités, ni quant à la délimitation de ses frontières.

Notes spécifiques sur la couverture géographique :

1) Les informations fournies par l'Ukraine excluent les données statistiques relatives à la République autonome de Crimée, à la ville de Sébastopol et aux régions de Donetsk, Louhansk, Kherson et Zaporijia. Ces informations sont présentées sans préjudice des résolutions pertinentes de l'Assemblée générale et du Conseil de sécurité des Nations Unies, qui réaffirment l'intégrité territoriale de l'Ukraine.

2) Les informations fournies par la Fédération de Russie incluent les données statistiques relatives à la République autonome de Crimée et à la ville de Sébastopol (Ukraine), temporairement occupée par la Fédération de Russie. 

3) Les données relatives aux pays ayant appartenu à l'ex-Union des républiques socialistes soviétiques (ex-URSS) sont disponibles sous forme d'agrégat unique jusqu'en 1991.

4) À des fins statistiques, les données relatives à la Chine n'incluent pas la Chine continentale, Hong Kong, Macao et Taïwan, qui sont présentées séparément. Par conséquent, le terme « Chine » désigne uniquement la Chine continentale.

5) Des notes détaillées par pays ou zone sont disponibles dans l'espace de travail « Statistiques mondiales des captures et de production de l’aquaculture de la FAO » de FishStatJ.","2024"
"05.6","3","From 1950 to 2023","1950-2023","1950-2023","2023"
"05.6","3","From 1950 to 2024","1950-2024","De 1950 à 2024","2024"
"05.7","3","Not applicable","No aplica","Pas applicable","2024"
"06","3","Production of fish, crustaceans and molluscs are expressed in live weight, that is the nominal weight of the aquatic organisms at the time of harvest. Production of aquatic plants is given in wet weight. Data are expressed in tonnes (=1000 kg), except those for whales, seals and crocodiles, which are given in numbers.","La producción de peces, crustáceos y moluscos se expresan en peso en vivo, es decir el peso nominal de los organismos acuáticos en el momento de la captura. Las producción de plantas acuáticas se indican en peso en húmedo. Los datos se expresan en toneladas (=1000 kg), excepto en el caso de las ballenas, focas y cocodrilos, que se indican en número de ejemplares.","La production de poissons, de crustacés et de mollusques est exprimée en poids vif, c'est-à-dire le poids nominal des organismes aquatiques au moment de la récolte. La production de plantes aquatiques est exprimée en poids humide. Les données sont exprimées en tonnes (1 000 kg), à l'exception de celles relatives aux baleines, aux phoques et aux crocodiles, qui sont exprimées en nombre.","2024"
"07","3","The annual period used is the calendar year (1 January-31 December), with the exceptions of capture data in the Antarctic fishing areas (up to 2011) and for some countries for which a split-year is used. Starting with the March 2004 release, the new fishing season (1 December-30 November) of the Commission for the Conservation of Antarctic Marine Living Resources (CCAMLR) has been adopted. Split-year data are shown under the calendar year in which the split-year ends.","El período anual utilizado es el año civil (1 de enero-31 de diciembre), excepto en el caso de las capturas efectuadas en las áreas marítimas del Antártico (hasta 2011) y para algunos países para los que se utiliza el año emergente. A partir de la versión de marzo de 2004, se utiliza el nuevo período de pesca (1 de diciembre-30 de noviembre) de la Comisión para la Conservación de los Recursos Vivos Marinos Antárticos (CCAMLR). Los datos correspondientes a los años emergentes se incluyen en el año civil en que termina el año emergente.","La période annuelle utilisée est l’année civile (1er janvier – 31 décembre), à l’exception des données de capture dans les zones de pêche de l’Antarctique (jusqu’en 2011) et pour certains pays pour lesquels une année fractionnée est utilisée. À compter de la publication de mars 2004, la nouvelle saison de pêche (1er décembre – 30 novembre) de la Commission pour la conservation de la faune et la flore marines de l'Antarctique (CCAMLR) a été adoptée. Les données relatives aux années fractionnées sont présentées sous l’année civile au cours de laquelle l’année fractionnée prend fin.","2024"
"08.1","3","[Article I of the FAO Constitution](https://www.fao.org/3/x5584e/x5584e0i.htm) requires the Organization to collect, analyze, interpret and disseminate information relating to nutrition, food and agriculture (FAO, 1945).","El [Artículo I de la Constitución de la FAO](https://www.fao.org/3/x5584e/x5584e0i.htm) exige a la Organización recopilar, analizar, interpretar y difundir información relacionada con la nutrición, la alimentación y la agricultura (FAO, 1945).","L’[article I de l’Acte constitutif de la FAO](https://www.fao.org/4/x5584fr/x5584fr.pdf#page=112) exige de l’Organisation qu’elle collecte, analyse, interprète et diffuse des informations relatives à la nutrition, à l’alimentation et à l’agriculture (FAO, 1945).","2024"
"08.2","3","These statistics are drawn primarily from official data from countries and territories, who have primary responsibility for data collection. FAO collects data from countries annually through questionnaires specific to each dataset and each country. In the case of capture fisheries production, data are complemented or replaced, when necessary, by data from other sources (e.g. regional fisheries management organizations and distant water fleets in exclusive economic zones) in accordance with the standards of the CWP.","Estas estadísticas se basan principalmente en datos oficiales de los países y territorios responsables de su recopilación. La FAO recopila datos anualmente mediante cuestionarios específicos para cada conjunto de datos y cada país. En el caso de la producción pesquera de captura, los datos se complementan o sustituyen, cuando es necesario, con datos de otras fuentes (por ejemplo, organizaciones regionales de ordenación pesquera y flotas de pesca de altura en zonas económicas exclusivas), de conformidad con las normas del CWP.","Ces statistiques sont principalement issues de données officielles des pays et territoires, qui sont principalement responsables de la collecte des données. La FAO collecte des données auprès des pays chaque année au moyen de questionnaires spécifiques à chaque ensemble de données et à chaque pays. Dans le cas de la production de la pêche de capture, les données sont complétées ou remplacées, le cas échéant, par des données provenant d'autres sources (par exemple, les organismes régionaux de gestion des pêches et les flottes de haute mer opérant dans les zones économiques exclusives), conformément aux normes du CWP.","2024"
"09.1","3","FAO data and statistics are produced in accordance with FAO Policy on Data Protection and the implementation modalities of FAO SDQAF Principle 4 on Data protection and Statistical Confidentiality.","Los datos y las estadísticas de la FAO se elaboran de conformidad con la Política de la FAO sobre protección de datos y las modalidades de aplicación del Principio 4 del Marco de Evaluación de la Calidad y Seguridad de la Información de la FAO (SDQAF) sobre protección de datos y confidencialidad estadística.","Les données et statistiques de la FAO sont produites conformément à la Politique de la FAO relative à la protection des données et aux modalités de mise en œuvre du principe 4 du SDQAF de la FAO relatif à la protection des données et à la confidentialité statistique.","2024"
"09.2","3","If any, confidential data are not disseminated by FAO as such. Suppressed confidential data are marked in the database with SDMX flag “Q - Missing value; suppressed”.","Cuando corresponda, la FAO no divulga datos confidenciales tal cual. Los datos confidenciales eliminados se marcan en la base de datos con el indicador SDMX ""Q - Valor faltante; eliminado"".","Le cas échéant, les données confidentielles ne sont pas diffusées en tant que telles par la FAO. Les données confidentielles supprimées sont marquées dans la base de données par l'indicateur SDMX « Q - Valeur manquante ; Supprimée ».","2024"
"09.3","3","Not applicable","No aplica","Pas applicable","2024"
"10.1","3","FAO FishStat data releases follow a release calendar available publicly at the main FAO FishStat page at [https://www.fao.org/fishery/en/fishstat].
Global fisheries and aquaculture production data for the most recent available year are disseminated annually in March.","Las publicaciones de datos de FAO FishStat siguen un calendario de publicación disponible públicamente en la página principal de FAO FishStat: [https://www.fao.org/fishery/es/fishstat].
Los datos mundiales de producción pesquera y acuícola del año más reciente disponible se difunden anualmente en marzo.","Les données de FAO FishStat sont publiées selon un calendrier accessible au public sur la page principale de [FAO FishStat] (https://www.fao.org/fishery/en/fishstat). Les données mondiales sur la production halieutique et aquacole pour l’année la plus récente disponible sont diffusées chaque année en mars.","2024"
"10.2","3","[Release calendar](https://www.fao.org/fishery/services/storage/fs/fishery/documents/fishstat/FishStatReleaseCalendar.pdf)","[Calendario de publicaciones](https://www.fao.org/fishery/services/storage/fs/fishery/documents/fishstat/FishStatReleaseCalendar.pdf)","[Calendrier de publication](https://www.fao.org/fishery/services/storage/fs/fishery/documents/fishstat/FishStatReleaseCalendar.pdf)","2024"
"10.3","3","This data domain is disseminated according to FAO's Open Data Licensing for Statistical Databases Policy, under the [Creative Commons Attribution 4.0 International license (CC-BY 4.0)](https://creativecommons.org/licenses/by/4.0/) and are subject to [FAO Statistical Database Terms of Use](https://www.fao.org/contact-us/terms/db-terms-of-use/en/).","Este dominio de datos se difunde de acuerdo con la Política de Licencias de Datos Abiertos para Bases de Datos Estadísticas de la FAO, bajo la licencia [Creative Commons Attribution 4.0 International(CC-BY 4.0)[(https://creativecommons.org/licenses/by/4.0/) y está sujeto a los [Términos de Uso de Bases de Datos Estadísticas de la FAO](https://www.fao.org/contact-us/terms/db-terms-of-use/es/).","Ce domaine de données est diffusé conformément à la politique de la FAO en matière de licences de données ouvertes pour les bases de données statistiques, sous la licence [Creative Commons Attribution 4.0 International (CC-BY 4.0)](https://creativecommons.org/licenses/by/4.0/), et est soumis aux [Conditions d’utilisation des bases de données statistiques de la FAO](https://www.fao.org/contact-us/terms/db-terms-of-use/fr/).","2024"
"10.4","3","[https://creativecommons.org/licenses/by/4.0/](https://creativecommons.org/licenses/by/4.0/)","[https://creativecommons.org/licenses/by/4.0/](https://creativecommons.org/licenses/by/4.0/)","[https://creativecommons.org/licenses/by/4.0/](https://creativecommons.org/licenses/by/4.0/deed.fr)","2024"
"11","3","Yearly","Anual","Annuelle","2024"
"12.1","3","Not applicable","No aplica","Pas applicable","2024"
"12.2","3","[FAO Fishery and Aquaculture Statistical Yearbook](https://doi.org/10.4060/cd4312en)","[FAO Anuario - Estadísticas de pesca y acuicultura](https://doi.org/10.4060/cd4312en)","[FAO Annuaire - Statistiques des pêches et de l'aquaculture](https://doi.org/10.4060/cd4312en)","2023"
"12.2","3","[FAO Fishery and Aquaculture Statistical Yearbook](https://www.fao.org/cwp-on-fishery-statistics/handbook/tools-and-resources/list-of-fao-yearbooks-of-fishery-statistics/en/)","[FAO Anuario - Estadísticas de pesca y acuicultura](https://www.fao.org/cwp-on-fishery-statistics/handbook/tools-and-resources/list-of-fao-yearbooks-of-fishery-statistics/en/)","[FAO Annuaire - Statistiques des pêches et de l'aquaculture](https://www.fao.org/cwp-on-fishery-statistics/handbook/tools-and-resources/list-of-fao-yearbooks-of-fishery-statistics/en/)","2024"
"12.3","3","[Global Fishery and Aquaculture Production](https://www.fao.org/fishery/en/collection/global_production)","[Producción mundial de pesca y acuicultura](https://www.fao.org/fishery/es/collection/global_production)","[Production mondiale de la pêche et de l'aquaculture](https://www.fao.org/fishery/fr/collection/global_production)","2024"
"12.4","3","Not applicable","No aplica","Pas applicable","2024"
"12.5","3","This dataset can be consulted through different [tools and formats](https://www.fao.org/fishery/en/collection/global_production)","Este conjunto de datos se puede consultar a través de diferentes [herramientas y formatos](https://www.fao.org/fishery/es/collection/global_production)","Cet ensemble de données peut être consulté à l'aide de différents [outils et formats](https://www.fao.org/fishery/fr/collection/global_production).","2024"
"12.6","3","National reference metadata are submitted by some countries, but these are not yet disseminated by FAO. Information on the methodology followed is available in the Annex 2 ""Methodological notes and glossary"" of the [FAO Yearbook Fishery and Aquaculture Statistics](https://doi.org/10.4060/cd4312en)","","","2023"
"12.6","3","National reference metadata are submitted by some countries, but these are not yet disseminated by FAO. Information on the methodology followed is available in the Annex 2 ""Methodological notes and glossary"" of the [FAO Yearbook Fishery and Aquaculture Statistics](https://doi.org/10.4060/cd6788en).","Algunos países presentan metadatos de referencia nacionales, pero la FAO aún no los difunde. La información sobre la metodología empleada se encuentra en el Anexo 2, «Notas metodológicas y glosario», del [Anuario de Estadísticas de Pesca y Acuicultura de la FAO](https://doi.org/10.4060/cd6788en).","Certains pays ont soumis des métadonnées de référence nationales, mais celles-ci ne sont pas encore diffusées par la FAO. Des informations sur la méthodologie suivie sont disponibles à l'annexe 2 « Notes méthodologiques et glossaire » de l'[Annuaire statistique des pêches et de l'aquaculture de la FAO](https://doi.org/10.4060/cd6788en).","2024"
"13.1","3","The main users are FAO analysts, other international organizations, ministries and government agencies, agro-industry, trade and professional associations, research institutes and universities, journalists and the general public. According to the 2023 FishStat database user consultation, researchers are the largest user group, accounting for almost 32 percent of total respondents, followed by students and educators (around 25 percent), while users from private companies represent a share of 15 percent. The objectives of these users vary, but fishery and aquaculture production statistics are especially useful for market management/monitoring, production forecasts and policy-making in the sector. FAO is not aware of unmet needs. Users are encouraged to contact the dataset owner for resolving more specific queries that are not addressed elsewhere in these metadata.","Los principales usuarios son analistas de la FAO, otras organizaciones internacionales, ministerios y agencias gubernamentales, la agroindustria, asociaciones comerciales y profesionales, institutos de investigación y universidades, periodistas y el público en general. Según la consulta a los usuarios de la base de datos FishStat de 2023, los investigadores constituyen el grupo más numeroso, con casi el 32 % del total de encuestados, seguidos por estudiantes y educadores (alrededor del 25 %), mientras que los usuarios de empresas privadas representan el 15 %. Los objetivos de estos usuarios son diversos, pero las estadísticas de producción pesquera y acuícola resultan especialmente útiles para la gestión y el seguimiento del mercado, las previsiones de producción y la formulación de políticas en el sector. La FAO no tiene conocimiento de necesidades no cubiertas. Se anima a los usuarios a ponerse en contacto con el responsable del conjunto de datos para resolver consultas más específicas que no se aborden en estos metadatos.","Les principaux utilisateurs sont les analystes de la FAO, d'autres organisations internationales, les ministères et les agences gouvernementales, l'agro-industrie, les associations professionnelles et commerciales, les instituts de recherche et les universités, les journalistes et le grand public. Selon la consultation des utilisateurs de la base de données FishStat de 2023, les chercheurs constituent le groupe d'utilisateurs le plus important, représentant près de 32 % du total des répondants. Les étudiants et les enseignants constituent le deuxième plus grand groupe (environ 25 %), tandis que les utilisateurs d'entreprises privées représentent 15 %. Leurs objectifs sont variés, mais les statistiques de production halieutique et aquacole sont particulièrement utiles pour la gestion et le suivi des marchés, les prévisions de production et l'élaboration de politiques dans le secteur. La FAO n'a pas connaissance de besoins non satisfaits. Les utilisateurs sont invités à contacter le propriétaire des données pour toute question plus spécifique qui ne serait pas abordée dans ces métadonnées.","2024"
"13.2","3","The latest quality review is the FishStat database user consultation took place during July-December 2023. About 93 percent of returning users agreed that the FishStat database was adequate for their purpose. As for compliance of the data with the FAO SDQAF quality dimensions, the overall percentage of satisfied  responses was about 81 percent, while the percentage of fully satisfied users simultaneously across all the 5 quality dimensions was 53 percent. The percentage of fully satisfied users is defined as the share of respondents who selected “agree” or “strongly agree” simultaneously across all the different 5 SDQAF dimensions.","La última revisión de calidad, la consulta a los usuarios de la base de datos FishStat, se realizó entre julio y diciembre de 2023. Aproximadamente el 93 % de los usuarios que participaron coincidieron en que la base de datos FishStat era adecuada para sus fines. En cuanto a la conformidad de los datos con las dimensiones de calidad del Marco de Cualificaciones de Datos y Seguridad (SDQAF) de la FAO, el porcentaje general de respuestas satisfactorias fue de aproximadamente el 81 %, mientras que el porcentaje de usuarios plenamente satisfechos en las cinco dimensiones de calidad fue del 53 %. El porcentaje de usuarios plenamente satisfechos se define como la proporción de encuestados que seleccionaron ""de acuerdo"" o ""totalmente de acuerdo"" simultáneamente en las cinco dimensiones del SDQAF.","La dernière évaluation de la qualité, la consultation des utilisateurs de la base de données FishStat, s'est déroulée de juillet à décembre 2023. Environ 93 % des utilisateurs réguliers ont estimé que la base de données FishStat répondait à leurs besoins. Concernant la conformité des données aux dimensions de qualité du SDQAF de la FAO, le pourcentage global de réponses positives était d'environ 81 %, tandis que le pourcentage d'utilisateurs pleinement satisfaits simultanément pour l'ensemble des 5 dimensions de qualité était de 53 %. Le pourcentage d'utilisateurs pleinement satisfaits correspond à la proportion de répondants ayant sélectionné « d'accord » ou « tout à fait d'accord » simultanément pour les 5 dimensions du SDQAF.","2024"
"13.3","3","The availability of official data reported by countries varies widely. Whenever national offices failed to report their annual fishery and aquaculture statistics in time for the dissemination of the dataset, FAO estimated the quantities  on the basis of other available information using approved methodologies in order to create a comprehensive global dataset. These estimates enable meaningful aggregates at the global, regional and national levels. 

In terms of species, FAO tries to collate and disseminate data at the most detailed level available. However, several countries still report their production by large groups of species. In these circumstances the data presented by individual species items may, in some cases, be underestimated. Therefore, when examining the statistics for a particular species, it should be noted that an unknown proportion of the production for that species might have been reported by the national office under the generic, family or order name of the species, or higher levels of aggregation such as “Marine water fishes NEI” or “Freshwater fishes NEI”. Consequently, species item totals may underestimate the real production of the individual species.","La disponibilidad de datos oficiales reportados por los países varía considerablemente. Cuando las oficinas nacionales no reportaron sus estadísticas anuales de pesca y acuicultura a tiempo para la difusión del conjunto de datos, la FAO estimó las cantidades con base en otra información disponible, utilizando metodologías aprobadas para crear un conjunto de datos global integral. Estas estimaciones permiten realizar agregaciones significativas a nivel mundial, regional y nacional.

En cuanto a las especies, la FAO procura recopilar y difundir datos al nivel de detalle más alto disponible. Sin embargo, varios países aún reportan su producción por grandes grupos de especies. En estas circunstancias, los datos presentados para cada especie individual pueden, en algunos casos, estar subestimados. Por lo tanto, al examinar las estadísticas de una especie en particular, debe tenerse en cuenta que una proporción desconocida de la producción de esa especie podría haber sido reportada por la oficina nacional bajo el nombre genérico, de familia u orden de la especie, o niveles de agregación superiores como ""Peces de agua marina NEP"" o ""Peces de agua dulce NEP"". En consecuencia, los totales por especie pueden subestimar la producción real de cada especie.","La disponibilité des données officielles communiquées par les pays varie considérablement. Lorsque les offices nationaux n'ont pas transmis leurs statistiques annuelles sur la pêche et l'aquaculture à temps pour la diffusion de l'ensemble de données, la FAO a estimé les quantités à partir d'autres informations disponibles, en utilisant des méthodologies approuvées, afin de constituer un ensemble de données mondial exhaustif. Ces estimations permettent d'établir des agrégats pertinents aux niveaux mondial, régional et national.

En ce qui concerne les espèces, la FAO s'efforce de rassembler et de diffuser des données au niveau de détail le plus fin possible. Cependant, plusieurs pays continuent de déclarer leur production par grands groupes d'espèces. Dans ces circonstances, les données présentées pour chaque espèce peuvent, dans certains cas, être sous-estimées. Par conséquent, lors de l'examen des statistiques relatives à une espèce particulière, il convient de noter qu'une proportion inconnue de la production de cette espèce a pu être déclarée par l'office national sous le nom générique, la famille ou l'ordre de l'espèce, ou à des niveaux d'agrégation supérieurs tels que « Poissons marins NCA » ou « Poissons d’eau douce NCA ». En conséquence, les totaux par espèce peuvent sous-estimer la production réelle de chaque espèce.","2024"
"14.1","3","The share of estimated/inputted data is about 16 percent of the total. Quality of the data varies according to the country, in particular in reference to the granularity of the detail by species. Overall, this granularity has improved significantly from 660 species items in the early 1950s to over 3 900 species items in 2023. On the other hand still 20 percent of the production is not reported at species level, but in broader groups, at family or higher taxonomic level.","","","2023"
"14.1","3","The share of inputted data is about 8 percent of the total quantities. Quality of the data varies according to the country, in particular in reference to the granularity of the detail by species. Overall, this granularity has improved significantly from almost 700 species items in the early 1950s to over 4 000 species items in 2024. On the other hand, 20 percent of the production is still not reported at species level, but in broader groups, at family or higher taxonomic level.","La proporción de datos introducidos (""I"") es de aproximadamente el 8 % del total des cantidades. La calidad de los datos varía según el país, en particular en lo que respecta al nivel de detalle por especie. En general, este nivel de detalle ha mejorado significativamente, pasando de casi 700 especies a principios de la década de 1950 a más de 4 000 especies en 2024. Por otro lado, todavía el 20 % de la producción no se registra a nivel de especie, sino en grupos más amplios, a nivel de familia o taxonómico superior.","La part des données estimées/imputées représente environ 8 % du total. La qualité des données varie selon les pays, notamment en ce qui concerne le niveau de détail par espèce. Globalement, ce niveau de détail s'est considérablement amélioré, passant de presque 700 espèces répertoriées au début des années 1950 à plus de 4 000 en 2024. En revanche, 20 % de la production n'est toujours pas déclarée au niveau de l'espèce, mais par groupes plus larges, au niveau de la famille ou à un niveau taxonomique supérieur.","2024"
"14.2","3","Not applicable","No aplica","Pas applicable","2024"
"14.3","3","Inputation rate: 16 percent in 2023.","","","2023"
"14.3","3","Imputation rate (quantities): 8 percent in 2024.","Tasa de imputación (cantidades): 8 por ciento en 2024.","Taux d’imputation (quantités): 8 pour cent en 2024.","2024"
"14.4","3","Prefilled questionnaires are sent out with reported data for the previous seven years, which countries are asked to revise when they report data for the new production year.","","Des questionnaires préremplis contenant les données déclarées pour les sept années précédentes sont envoyés aux pays. Ceux-ci sont invités à réviser les données (si nécessaire) lorsqu’ils soumettent des données pour la nouvelle année de production.","2024"
"14.5","3","Countries regularly revise their official statistics for past periods as well as for the latest reporting year. Estimates/imputations done by FAO might be also revised on the basis of more accurate information. 
When previously published data are revised, they are disseminated concurrently with the new data release. Therefore, users are advised to refrain from comparing data published in previous releases with the latest one.","Los países revisan periódicamente sus estadísticas oficiales, tanto para periodos anteriores como para el último año de referencia. Las estimaciones y los datos de entrada de la FAO también pueden revisarse en función de información más precisa. Cuando se revisan los datos publicados anteriormente, se difunden simultáneamente con la publicación de los nuevos datos. Por lo tanto, se recomienda a los usuarios que eviten comparar los datos publicados en versiones anteriores con los de la última versión.","Les pays révisent régulièrement leurs statistiques officielles, tant pour les périodes antérieures que pour la dernière année de référence. Les estimations et imputations par la FAO peuvent également être révisées sur la base d'informations plus précises. Lorsque des données publiées antérieurement sont révisées, elles sont diffusées simultanément avec la nouvelle publication. Il est donc conseillé aux utilisateurs de ne pas comparer les données publiées dans les versions précédentes avec les plus récentes.","2024"
"15.1","3","The deadline for submitting fishery and aquaculture data to FAO is usually between 8 to 9 months after the end of the reference year. Data are then normally processed and disseminated within 6 months.","El plazo para presentar los datos de acuicultura a la FAO suele ser de entre 8 y 9 meses después de finalizado el año de referencia. Posteriormente, los datos se procesan y difunden normalmente en un plazo de 6 meses.","Le délai de soumission des données sur la pêche et l'aquaculture à la FAO est généralement de 8 à 9 mois après la fin de l'année de référence. Les données sont ensuite normalement traitées et diffusées dans un délai de 6 mois.","2024"
"15.2","3","The release is according to the schedule of the calendar.","La publicación se realizará según el calendario previsto.","La publication est effectuée conformément au calendrier.","2024"
"16.1","3","Data are mostly comparable between geographical areas, countries or regions. However it should be taken into account that the degree of comparability might be affected by the differences in methods and coverage of data collections between countries, except for regions where countries are bound by regulations mandating harmonized methods, such as European Union countries.","Los datos suelen ser comparables entre áreas geográficas, países o regiones. Sin embargo, conviene tener en cuenta que el grado de comparabilidad puede verse afectado por las diferencias en los métodos y la cobertura de la recopilación de datos entre países, salvo en regiones donde los países están sujetos a normativas que exigen métodos armonizados, como los países de la Unión Europea.","Les données sont généralement comparables entre les zones géographiques, les pays ou les régions. Il convient toutefois de noter que le degré de comparabilité peut être affecté par les différences de méthodes et de couverture des collectes de données entre les pays, sauf dans les régions où les pays sont liés par des réglementations imposant des méthodes harmonisées, comme dans les pays de l’Union européenne.","2024"
"16.2","3","For shorter time periods, reasonably good comparability over time can be expected. However, as the time series might be very long, full comparability over time cannot be expected. Detailed information on data variations and methodological changes is provided in the country notes, available in FishStatJ ""Global fisheries and aquaculture production"" workspace.","Para periodos de tiempo más cortos, cabe esperar una comparabilidad razonablemente buena a lo largo del tiempo. Sin embargo, dado que las series temporales pueden ser muy extensas, no se puede garantizar una comparabilidad total. En las notas sobre cada país, disponibles en el espacio de trabajo ""Producción pesquera y acuícola mundial"" de FishStatJ, se ofrece información detallada sobre las variaciones de los datos y los cambios metodológicos.","Pour les périodes plus courtes, une comparabilité raisonnable dans le temps est attendue. Cependant, les séries chronologiques pouvant être très longues, une comparabilité totale ne peut être garantie. Des informations détaillées sur les variations des données et les changements méthodologiques sont fournies dans les notes par pays, disponibles dans l’espace de travail « Statistiques mondiales des captures et de production de l’aquaculture de la FAO » de FishStatJ.","2024"
"16.3","3","FAO fisheries and aquaculture production statistics are the only global source of this kind and it is not possible to compare them with other data sources or statistical domains. Yet, the use of internationally recognised code lists such as the ""ASFIS list of species items"" and the FAO major fishing areas, help to ensure cross-domain coherence. Production, processed production and trade data have a high cross-domain coherence, as they are used as inputs in the food balance sheets, which serve as an additional validation of the data in a single supply and utilization framework.","Las estadísticas de producción pesquera y acuícola de la FAO son la única fuente mundial de este tipo y no es posible compararlas con otras fuentes de datos o ámbitos estadísticos. Sin embargo, el uso de listas de códigos reconocidas internacionalmente, como la «Lista de especies del ASFIS» y las principales zonas de pesca de la FAO, contribuye a garantizar la coherencia entre los distintos ámbitos. Los datos de producción, producción procesada y comercio presentan una alta coherencia entre los distintos ámbitos, ya que se utilizan como insumos en las hojas de balance alimentario, que sirven como validación adicional de los datos en un marco único de oferta y utilización.","Les statistiques de la FAO sur la production des pêches et de l'aquaculture constituent la seule source mondiale de ce type et il est impossible de les comparer avec d'autres sources de données ou domaines statistiques. Néanmoins, l'utilisation de listes de codes internationalement reconnues, telles que la « Liste ASFIS des espèces pour les besoins des statistiques des pêches » et les principales zones de pêche de la FAO, contribue à assurer la cohérence entre les domaines. Les données relatives à la production, à la production transformée et aux échanges présentent une forte cohérence interdomaines, car elles servent d'intrants dans les bilans alimentaires, qui constituent une validation supplémentaire des données dans un cadre unique d'offre et de consommation.","2024"
"16.4","3","• [The FAO International Standard Statistical Classification for Aquatic Animals and Plants (ISSCAAP)](https://www.fao.org/fishery/static/ASFIS/ISSCAAP.pdf)

• [FAO ASFIS list](https://www.fao.org/fishery/en/collection/asfis)

• [FAO Major fishing areas for statistical purposes](https://www.fao.org/cwp-on-fishery-statistics/handbook/general-concepts/main-water-areas/en/)

• [UN ""STANDARD COUNTRY OR AREA CODES FOR STATISTICAL USE""](https://unstats.un.org/unsd/methodology/m49/)","• [Clasificación Estadística Internacional Uniforme de la FAO para Animales y Plantas Acuáticas (CEIUAPA)](https://www.fao.org/fishery/static/ASFIS/ISSCAAP.pdf)

• [Lista ASFIS de la FAO](https://www.fao.org/fishery/es/collection/asfis)

• [Principales zonas de pesca de la FAO para fines estadísticos](https://www.fao.org/cwp-on-fishery-statistics/handbook/general-concepts/main-water-areas/en/)

• [Códigos estándar de país o área de la ONU para uso estadístico](https://unstats.un.org/unsd/methodology/m49/)","• [Classification statistique internationale type des animaux et des plantes aquatiques (CSITAPA) de la FAO](https://www.fao.org/fishery/static/ASFIS/ISSCAAP.pdf)

• [Liste ASFIS de la FAO](https://www.fao.org/fishery/fr/collection/asfis)

• [Principales zones de pêche à des fins statistiques de la FAO](https://www.fao.org/cwp-on-fishery-statistics/handbook/general-concepts/main-water-areas/en/)

• [Codes standard des pays ou des zones à usage statistique des Nations Unies](https://unstats.un.org/unsd/methodology/m49/)","2024"
"17.1","3","The main data source is official statistics from FAO member countries. The national data can originate from surveys, administrative databases and estimates based on expert observations. The type of source used by countries can significantly affect reliability and comparability of data. In nearly all cases where countries provide their official production data, these are recorded as reported. However, in the case of issues with the data received, FAO works with the countries to revise their data in order to ensure consistency of the disseminated data. Data are complemented or replaced, when necessary, by information derived from other sources (e.g. regional fisheries management organizations and distant water fleets in exclusive economic zones) in accordance with the standards of the CWP. When no official data are available, unofficial sources may be used. If neither official nor unofficial sources are available, data are imputed. In all cases, disseminated data are flagged accordingly.","La principal fuente de datos son las estadísticas oficiales de los países miembros de la FAO. Los datos nacionales pueden provenir de encuestas, bases de datos administrativas y estimaciones basadas en observaciones de expertos. El tipo de fuente utilizada por los países puede afectar significativamente la fiabilidad y la comparabilidad de los datos. En casi todos los casos en que los países proporcionan sus datos oficiales de producción, estos se registran tal como se informan. Sin embargo, en caso de problemas con los datos recibidos, la FAO trabaja con los países para revisarlos y garantizar la coherencia de los datos difundidos. Los datos se complementan o reemplazan, cuando es necesario, con información derivada de otras fuentes (por ejemplo, organizaciones regionales de ordenación pesquera y flotas de pesca de altura en zonas económicas exclusivas) de acuerdo con las normas del Programa de Conservación de la Pesca (PCP). Cuando no se dispone de datos oficiales, se pueden utilizar fuentes no oficiales. Si no se dispone de fuentes oficiales ni no oficiales, se imputan los datos. En todos los casos, los datos difundidos se marcan como corresponde.","La principale source de données est constituée par les statistiques officielles des pays membres de la FAO. Les données nationales peuvent provenir d'enquêtes, de bases de données administratives et d'estimations fondées sur des observations d'experts. Le type de source utilisé par les pays peut avoir une incidence significative sur la fiabilité et la comparabilité des données. Dans la quasi-totalité des cas où les pays fournissent leurs données officielles de production, celles-ci sont enregistrées telles que déclarées. Toutefois, en cas de problème avec les données reçues, la FAO collabore avec les pays pour les réviser afin d'assurer la cohérence des données diffusées. Les données sont complétées ou remplacées, le cas échéant, par des informations provenant d'autres sources (par exemple, les organisations régionales de gestion des pêches et les flottes de haute mer opérant dans les zones économiques exclusives), conformément aux normes du CWP. En l'absence de données officielles, des sources non officielles peuvent être utilisées. Si aucune source, officielle ou non officielle, n'est disponible, les données sont estimées. Dans tous les cas, les données diffusées sont accompagnées des symboles appropriés.","2024"
"17.2","3","Yearly","Anual","Annuelle","2024"
"17.3","3","FAO Global Production dataset covers annual series of capture fisheries and aquaculture production from 1950. 
The collection is carried out separately for capture production and for aquaculture production through collaboration with country correspondents in Member States. The data collection process relies on annual production questionnaires (FishStatNS) sent to countries, as well as data from national publications and official country websites.","El conjunto de datos de producción mundial de la FAO abarca series anuales de producción pesquera y acuícola desde 1950.
La recopilación se realiza por separado para la producción pesquera y la acuícola, en colaboración con los corresponsales nacionales de los Estados Miembros. El proceso de recopilación de datos se basa en cuestionarios anuales de producción (FishStatNS) enviados a los países, así como en datos de publicaciones nacionales y sitios web oficiales de cada país.","L’ensemble de données de la FAO sur la production mondiale couvre les séries annuelles de production de la pêche de capture et de l’aquaculture depuis 1950. 
La collecte des données de la FAO est effectuée en collaboration avec les correspondants nationaux des États membres, séparément pour la production de capture et pour la production aquacole, Ce processus repose sur les questionnaires annuels de production (FishStatNS) envoyés aux pays, ainsi que sur les données issues des publications nationales et des sites web officiels des pays.","2024"
"17.4","3","Countries are responsible for transmitting data which have already been checked. Validation at FAO concerns any transmission errors and data consistency checks, as well as outlier detection in line with the [FAO statistical standard on data editing and validation of input data](https://www.fao.org/3/cb9341en/cb9341en.pdf) and cross check with data from regional fisheries management organizations for selected species. Other validations consist in assessing consistency over the time series, regularity of totals and partial components and correspondence between variables from different data sets. In the case of issues with the data received, FAO works with the countries to revise their data in order to ensure consistency of the disseminated data.","Los países son responsables de transmitir datos que ya han sido verificados. La validación en la FAO abarca cualquier error de transmisión y comprobación de la coherencia de los datos, así como la detección de valores atípicos de acuerdo con la [norma estadística de la FAO sobre edición y validación de datos de entrada](https://www.fao.org/3/cb9341en/cb9341en.pdf) y la verificación cruzada con datos de organizaciones regionales de ordenación pesquera para especies seleccionadas. Otras validaciones consisten en evaluar la coherencia a lo largo de las series temporales, la regularidad de los totales y componentes parciales y la correspondencia entre variables de diferentes conjuntos de datos. En caso de problemas con los datos recibidos, la FAO trabaja con los países para revisar sus datos a fin de garantizar la coherencia de los datos difundidos.","Il incombe aux pays de transmettre des données préalablement vérifiées. La validation à la FAO porte sur la correction des erreurs de transmission, la vérification de la cohérence des données, la détection des valeurs aberrantes conformément à la [norme statistique de la FAO relative au traitement et à la validation des données d'entrée](https://www.fao.org/3/cb9341en/cb9341en.pdf), et le recoupement avec les données des organisations régionales de gestion des pêches pour certaines espèces. D'autres validations consistent à évaluer la cohérence des séries chronologiques, la régularité des totaux et des composantes partielles, ainsi que la correspondance entre les variables issues de différents ensembles de données. En cas de problème avec les données reçues, la FAO collabore avec les pays pour les réviser afin de garantir la cohérence des données diffusées.","2024"
"17.5","3","FAO is responsible for compiling the data and generating aggregates.","La FAO es responsable de recopilar los datos y generar datos agregados.","La FAO est responsable de la compilation des données et de la production des agrégats.","2024"
"17.6","3","FAO produces global, regional and sub-regional aggregates, in line with the [FAO Statistical Standard Series on Data aggregation](https://www.fao.org/3/cc2918en/cc2918en.pdf).","La FAO elabora agregados mundiales, regionales y subregionales, de conformidad con la [Serie estándar estadística de la FAO sobre agregación de datos](https://www.fao.org/3/cc2918en/cc2918en.pdf).","La FAO produit des agrégats mondiaux, régionaux et sous-régionaux, conformément au [Standard statistique de la FAO sur l’agrégation des données](https://www.fao.org/3/cc2918en/cc2918en.pdf).","2024"
"17.7","3","The country correspondents are responsible for the quality of data. FAO validates and eventually corrects country data in consultation with them.","Los corresponsales nacionales son responsables de la calidad de los datos. La FAO valida y, en su caso, corrige los datos nacionales en consulta con ellos.","Les correspondants nationaux sont responsables de la qualité des données. La FAO valide et, le cas échéant, corrige les données des pays, en consultation avec ceux-ci.","2024"
"17.8","3","Imputations are made according to the [FAO Statistical Standard Series - Imputation (2023)](https://www.fao.org/3/cb9339en/cb9339en.pdf).","Las imputaciones se realizan de acuerdo con la [Serie de Normas Estadísticas de la FAO - Imputación (2023)](https://www.fao.org/3/cb9339en/cb9339en.pdf).","Les imputations sont effectuées conformément au [Standard statistiques de la FAO – Imputation (2023)](https://www.fao.org/3/cb9339en/cb9339en.pdf).","2024"
"18.1","3","FAO is responsible for the quality of internal statistical processes used to compile the published datasets. The [FAO Statistics and Data Quality Assurance Framework (SDQAF)](https://openknowledge.fao.org/handle/20.500.14283/cc6683en)  provides the necessary principles, guidelines and tools to carry out quality assessments. FAO is performing an internal bi-annual survey (FAO Quality Assessment and Planning Survey) designed to gather information on all of FAO’s statistical activities, notably to assess the extent to which quality standards are being implemented with a view to increasing compliance with the quality dimensions of SDQAF, documenting best practices and preparing quality improvement plans, where necessary. Domain-specific quality assurance activities are carried out systematically (e.g. quality reviews, self-assessments, compliance monitoring).","La FAO es responsable de la calidad de los procesos estadísticos internos utilizados para compilar los conjuntos de datos publicados. El [Marco de Garantía de la Calidad de las Estadísticas y los Datos de la FAO (SDQAF)](https://openknowledge.fao.org/handle/20.500.14283/cc6683en) proporciona los principios, directrices y herramientas necesarios para realizar evaluaciones de calidad. La FAO realiza una encuesta interna semestral (Encuesta de Evaluación y Planificación de la Calidad de la FAO) diseñada para recopilar información sobre todas las actividades estadísticas de la FAO, en particular para evaluar el grado de implementación de las normas de calidad con el fin de aumentar el cumplimiento de las dimensiones de calidad del SDQAF, documentar las mejores prácticas y preparar planes de mejora de la calidad, cuando sea necesario. Las actividades de garantía de calidad específicas de cada ámbito se llevan a cabo sistemáticamente (por ejemplo, revisiones de calidad, autoevaluaciones, seguimiento del cumplimiento).","La FAO est responsable de la qualité des processus statistiques internes utilisés pour compiler les ensembles de données publiés. Le [SDQAF de la FAO](https://openknowledge.fao.org/handle/20.500.14283/cc6683en) fournit les principes, les lignes directrices et les outils nécessaires à la réalisation d’évaluations de la qualité. La FAO mène une enquête interne bisannuelle (Enquête d’évaluation et de planification de la qualité de la FAO) visant à recueillir des informations sur toutes ses activités statistiques, notamment pour évaluer dans quelle mesure les normes de qualité sont mises en œuvre en vue d’améliorer la conformité aux dimensions de qualité du SDQAF, de documenter les meilleures pratiques et d’élaborer, le cas échéant, des plans d’amélioration de la qualité. Des activités d’assurance qualité spécifiques à chaque domaine sont menées de manière systématique (par exemple, examens de la qualité, auto-évaluations, suivi de la conformité).","2024"
"18.2","3","The quality of FAO statistics is highly dependent upon the accuracy and reliability of the data collected and provided by countries. FAO strives to validate and ensure the quality of official data received by validating and cross checking them. FAO also works with countries to revise their data when appropriate to ensure consistency in the dissemination of official data. In the case of capture fisheries production, data are complemented or replaced, when necessary, by data from other sources (e.g. regional fisheries management organizations and distant water fleets in exclusive economic zones) in accordance with the standards of the CWP.

According to the 2025 Quality Assessment and Planning Survey (QAPS) of FAO, this data domain reported a quality score of 0.93. According to the QAPS a statistical output is considered of good quality when it reaches a quality score of 0.6 or above.","La calidad de las estadísticas de la FAO depende en gran medida de la exactitud y fiabilidad de los datos recopilados y proporcionados por los países. La FAO se esfuerza por validar y garantizar la calidad de los datos oficiales recibidos mediante su verificación y cotejo. Asimismo, colabora con los países para revisar sus datos cuando sea necesario, a fin de asegurar la coherencia en la difusión de la información oficial. En el caso de la producción pesquera mundial, los datos se complementan o sustituyen, cuando es preciso, con datos de otras fuentes (por ejemplo, organizaciones regionales de ordenación pesquera y flotas de pesca de altura en zonas económicas exclusivas), de conformidad con las normas del Programa Mundial de Pesca (PMP).

Según la Encuesta de Evaluación y Planificación de la Calidad (ECPC) de la FAO de 2025, este ámbito de datos obtuvo una puntuación de calidad de 0,93. De acuerdo con la ECPC, un resultado estadístico se considera de buena calidad cuando alcanza una puntuación de 0,6 o superior.","La qualité des statistiques de la FAO dépend fortement de l’exactitude et de la fiabilité des données collectées et fournies par les pays. La FAO s'efforce de valider et d'assurer la qualité des données officielles reçues en les validant et en les recoupant. Elle collabore également avec les pays pour réviser leurs données, le cas échéant, afin de garantir la cohérence dans la diffusion de ces dernières. Dans le cas de la production de la pêche de capture, les données sont complétées ou remplacées, si nécessaire, par des données provenant d'autres sources (par exemple, les organisations régionales de gestion des pêches et les flottes de haute mer opérant dans les zones économiques exclusives), conformément aux normes du CWP.

Selon l'Enquête d'évaluation et de planification de la qualité (QAPS) 2025 de la FAO, ce domaine de données a obtenu un score de qualité de 0,93. Selon le QAPS, un résultat statistique est considéré comme de bonne qualité lorsqu'il atteint un score de 0,6 ou plus.","2024"
"19","3","Not applicable","No aplica","Pas applicable","2024"
"20","3","Not applicable","No aplica","Pas applicable","2024"
"01","5","CECAF capture production - Metadata","Capturas CPACO - Metadatos","Captures COPACE - Métadonnées","2024"
"02.1","5","Food and Agriculture Organization of the United Nations (FAO)","Organización de las Naciones Unidas para la Alimentación y la Agricultura (FAO)","Organisation des Nations Unies pour l'alimentation et l'agriculture (FAO)","2024"
"02.2","5","[CECAF capture production](https://www.fao.org/fishery/en/collection/cecaf_capture)","[Capturas CPACO](https://www.fao.org/fishery/es/collection/cecaf_capture)","[Captures COPACE](https://www.fao.org/fishery/fr/collection/cecaf_capture)","2024"
"03.1","5","Food and Agriculture Organization of the United Nations (FAO)","Organización de las Naciones Unidas para la Alimentación y la Agricultura (FAO)","Organisation des Nations Unies pour l'alimentation et l'agriculture (FAO)","2024"
"03.2","5","Statistics and Information Team (NFISI) of the FAO Fisheries and Aquaculture Division (NFI)","Equipo de estadísticas e información (NFISI) de la División de Pesca y Acuicultura (NFI)","Équipe des statistiques et de l’information (NFISI) de la Division des pêches et de l'aquaculture (NFI)","2024"
"03.3","5","Viale delle Terme di Caracalla, 00153 Rome, Italy","Viale delle Terme di Caracalla, 00153 Roma, Italia","Viale delle Terme di Caracalla, 00153 Rome, Italie","2024"
"03.4","5","[Fish-Statistics-Inquiries@fao.org](mailto:Fish-Statistics-Inquiries@fao.org)","[Fish-Statistics-Inquiries@fao.org](mailto:Fish-Statistics-Inquiries@fao.org)","[Fish-Statistics-Inquiries@fao.org](mailto:Fish-Statistics-Inquiries@fao.org)","2024"
"04.1","5","28/03/2025","28/03/2025","28/03/2025","2024"
"04.2","5","28/03/2025","28/03/2025","28/03/2025","2024"
"05.1","5","The CECAF (Fishery Committee for the Eastern Central Atlantic) dataset presents annual statistics allocated by (i) countries or areas, (ii) species items, and (iii) statistical divisions, of capture production in the Eastern Central Atlantic region for calendar years starting with 1970.

The data exclude production from marine aquaculture practices. Data cover aquatic animals (fish, crustaceans, molluscs, etc.), excluding statistics for marine mammals, miscellaneous aquatic animal products, and seaweeds.","","","2024"
"05.2","5","The dataset provides a comprehensive coverage of capture fisheries production in Eastern Central Atlantic, including approximately  #### species items, ## fishing areas and ### countries or areas. FAO strives to provide data for all countries and territories covering fisheries production at the most detailed level of species items.","","","2024"
"05.3","5","Capture fisheries","Capturas","Captures","2024"
"05.4","5","Capture fisheries refers to the hunting, collecting and gathering activities directed at removing or collecting live wild aquatic organisms. Data relate to nominal landings, converted into a live weight basis (wet weight for algae), of fish, crustaceans, molluscs, aquatic mammals, other aquatic animals, products (corals, pearls and sponges) and aquatic plants (seaweed and other algae) taken for commercial, industrial, recreational and subsistence purposes from inland waters, brackish and marine areas, including inshore, offshore and high seas marine fishing areas. Data include all quantities caught and landed for both food and feed purposes but exclude discards, live escapements or losses prior to landings. The flag of the fishing vessel performing the essential part of the fishing operation is used to assign nationality to catches, unless the wording of chartering and joint operation contracts indicates otherwise.

Fish, crustaceans, molluscs and all other aquatic organisms included in the dataset have been classified according to  commercial species items, further arranged within the 50 groups of species constituting the nine divisions of the FAO International Standard Statistical Classification of Aquatic Animals and Plants (ISSCAAP) on the basis of their taxonomic, ecological and economic characteristics. The taxonomic code descriptors are taken from the """"ASFIS list of species for fishery statistics purposes"""" (version 2024). Please note that the list of species disseminated in these datasets might not adhere entirely to ASFIS (version 2024) due to differing publication schedules. More information about the ASFIS list and the ISSCAAP classification is available at https://www.fao.org/fishery/en/collection/asfis. 

For statistical purposes the CECAF region, which coincide with the FAO fishing area """"34 - Eastern Central Atlantic"""", has been split into four subareas, further sub-divided into twelve divisions. The boundaries of these subareas and divisions are shown in a [map](https://www.fao.org/fishery/en/area/34). Tuna catches are not allocated according to CECAF statistical divisions and are grouped together into a division named """"Tunas"""" (34 0 0). Two other divisions, namely """"Northern coastal, not known"""" (34 1 9) and """"Not known"""" (34 9 0), contain catches for which is not exactly known the statistical division.
Capture production is also classified according to the area/division where the catches took place. 

Statistical concepts and standards related to fisheries and aquaculture statistics are available in the [Handbook of Fishery Statistics of the Coordinating Working Party on Fishery Statistics (CWP)](https://www.fao.org/cwp-on-fishery-statistics/handbook/en/).","","","2024"
"05.5","5","The list of countries and the geographical classification are primarily based on the UN ""[Standard country or area codes for statistical use](https://unstats.un.org/unsd/methodology/m49/)"".
Additional country classifications available in the released workspace of this dataset available in FishStatJ or online query panel are based on a variety of sources. Here below the main ones:

• [Least Developed Countries (LDC) (version 2024)](https://www.un.org/development/desa/dpad/wp-content/uploads/sites/45/publication/ldc_list.pdf)

• [Low-Income Food-Deficit Countries (LIFDCs) (2023 revision)](https://www.fao.org/countryprofiles/lifdc/en/)

• [Landlocked Developing Countries (LLDCs)](https://unctad.org/topic/landlocked-developing-countries/list-of-LLDCs)

• [Small Island Developing States (SIDS)](https://www.un.org/ohrlls/content/list-sids)

• [Net Food-Importing Developing Countries (NFIDC) (2024 revision)](https://docs.wto.org/dol2fe/Pages/SS/directdoc.aspx?filename=q:/G/AG/5R12.pdf&Open=True)

• [The classification of the World Bank by income (2025 revision)](https://datahelpdesk.worldbank.org/knowledgebase/articles/906519-world-bank-country-and-lending-groups)

The term “country"" or ""country or area” as used in the dataset also covers territories, cities and land areas, as well as provinces, districts, enclaves and other parts of territories or combinations of countries or areas such as economic or customs unions. Country or area names and designations are subject to nationally announced changes. Name changes announced recently may not have been incorporated in this dataset release but will be reflected in future ones. The designations employed and the presentation of material in this dataset do not imply the expression of any opinion whatsoever on the part of FAO concerning the legal or development status of any country, territory, city or area or of its authorities, or concerning the delimitation of its frontiers or boundaries.

Specific notes on geographical coverage: 

1) Information provided by Ukraine excludes statistical data concerning the Autonomous Republic of Crimea, the city of Sevastopol and the Donetsk, Luhansk, Kherson and Zaporizhzhia regions. The information is presented without prejudice to relevant UN General Assembly and UN Security Council resolutions, which reaffirm the territorial integrity of Ukraine. 

2) Information provided by the Russian Federation includes statistical data for the Autonomous Republic of Crimea and the city of Sevastopol, Ukraine, temporarily occupied by the Russian Federation.

3) Data for countries that belonged to the former Union of Soviet Socialist Republics (former USSR) are available as a single aggregate until 1991. 

4) For statistical purposes, the data for China do not include China, Hong Kong SAR, China, Macao SAR and Taiwan Province of China, which are presented separately. Therefore, “China” refers to China’s mainland only.

5) Detailed country or area notes are available inside the global fisheries and aquaculture production workspace in FishStatJ.","","","2023"
"05.6","5","From 1970 to 2023","1970-2023","1970-2023","2023"
"05.7","5","Not applicable","","","2024"
"06","5","Production of fish, crustaceans and molluscs are expressed in live weight, that is the nominal weight of the aquatic organisms at the time of harvest. Data are expressed in tonnes (=1000 kg).","La producción de peces, crustáceos y moluscos se expresan en peso en vivo, es decir el peso nominal de los organismos acuáticos en el momento de la captura. Los datos se expresan en toneladas (=1000 kg).","La production de poissons, crustacés et mollusques sont exprimées en poids vif, c'est-à-dire le poids nominal des organismes aquatiques à la capture. Les données sont exprimées en tonnes (=1000 kg).","2024"
"07","5","The annual period used is the calendar year (1 January - 31 December), with the exceptions of data for some countries for which a split-year is used. Split-year data are shown under the calendar year in which the split-year ends.","El período anual utilizado es el año civil (1 de enero-31 de diciembre), excepto para algunos países para los que se utiliza el año emergente. Los datos correspondientes a los años emergentes se incluyen en el año civil en que termina el año emergente.","La période annuelle utilisée est l'année civile (1er janvier-31 décembre), sauf pour quelques pays pour lesquels on utilise l'année fractionnée. Les données relatives aux années fractionnées figurent sous l'année civile durant laquelle se termine l'année fractionnée.","2024"
"08.1","5","[Article I of the FAO Constitution](https://www.fao.org/3/x5584e/x5584e0i.htm) requires the Organization to collect, analyze, interpret and disseminate information relating to nutrition, food and agriculture (FAO, 1945).
The Fishery Committee for the Eastern Central Atlantic (CECAF) was established in 1967 by Resolution 1/48 of the FAO Council under Article VI (paragraph 2) of the FAO Constitution. 
[CECAF - Statutes and Rules of Procedure](https://openknowledge.fao.org/items/f7ff4a94-efee-406f-9b2c-4d1ec8b4d947)","","","2024"
"08.2","5","These statistics are drawn primarily from official data from countries and territories, who have primary responsibility for data collection. FAO collects data from countries annually through questionnaires specific to each dataset and each country. Data are complemented or replaced, when necessary, by data from other sources (e.g. regional fisheries management organizations and distant water fleets in exclusive economic zones) in accordance with the standards of the CWP.","","","2024"
"09.1","5","FAO data and statistics are produced in accordance with FAO Policy on Data Protection and the implementation modalities of FAO SDQAF Principle 4 on Data protection and Statistical Confidentiality.","","","2024"
"09.2","5","If any, confidential data are not disseminated by FAO as such. Suppressed confidential data are marked in the database with SDMX flag “Q - Missing value; suppress”.","","","2024"
"09.3","5","Not applicable","No aplica","Pas applicable","2024"
"10.1","5","FAO FishStat regional data releases follow a release calendar available publicly at the main FAO FishStat page at [https://www.fao.org/fishery/en/fishstat].
Regional capture production data for the most recent available year are disseminated annually in July.","","","2024"
"10.2","5","[Release calendar](https://www.fao.org/fishery/services/storage/fs/fishery/documents/fishstat/FishStatReleaseCalendar.pdf)","[Calendario de publicaciones](https://www.fao.org/fishery/services/storage/fs/fishery/documents/fishstat/FishStatReleaseCalendar.pdf)","[Calendrier de publication](https://www.fao.org/fishery/services/storage/fs/fishery/documents/fishstat/FishStatReleaseCalendar.pdf)","2024"
"10.3","5","This data domain is disseminated according to FAO's Open Data Licensing for Statistical Databases Policy, under the [Creative Commons Attribution 4.0 International license (CC-BY 4.0)](https://creativecommons.org/licenses/by/4.0/) and are subject to [FAO Statistical Database Terms of Use](https://www.fao.org/contact-us/terms/db-terms-of-use/en/].","","","2024"
"10.4","5","[https://creativecommons.org/licenses/by/4.0/](https://creativecommons.org/licenses/by/4.0/)","[https://creativecommons.org/licenses/by/4.0/](https://creativecommons.org/licenses/by/4.0/)","[https://creativecommons.org/licenses/by/4.0/](https://creativecommons.org/licenses/by/4.0/)","2024"
"11","5","Yearly","Anual","Annuel","2024"
"12.1","5","Not applicable","No aplica","Pas applicable","2024"
"12.2","5","Not applicable","No disponible","Pas disponible","2023"
"12.3","5","[CECAF Capture Production](https://www.fao.org/fishery/en/collection/cecaf_capture)","[Capturas CPACO](https://www.fao.org/fishery/es/collection/cecaf_capture)","[Captures COPACE](https://www.fao.org/fishery/fr/collection/cecaf_capture)","2024"
"12.4","5","Not applicable","No aplica","Pas applicable","2024"
"12.5","5","This dataset can be consulted through different [tools and formats](https://www.fao.org/fishery/en/collection/cecaf_capture)","","","2024"
"12.6","5","National reference metadata are submitted by some countries, but these are not yet disseminated by FAO. Information on the methodology followed is available in the Annex 2 ""Methodological notes and glossary"" of the [FAO Yearbook Fishery and Aquaculture Statistics](https://doi.org/10.4060/cd4312en)","","","2023"
"13.1","5","The main users are FAO analysts, other international organizations, ministries and government agencies, agro-industry, trade and professional associations, research institutes and universities, journalists and the general public. According to the 2023 FishStat database user consultation, researchers are the largest user group, accounting for almost 32 percent of total respondents, followed by students and educators (around 25 percent), while users from private companies represent a share of 15 percent. The objectives of these users vary, but fishery and aquaculture production statistics are especially useful for market management/monitoring, production forecasts and policy-making in the sector. FAO is not aware of unmet needs. Users are encouraged to contact the dataset owner for resolving more specific queries that are not addressed elsewhere in these metadata.","","","2024"
"13.2","5","The latest quality review is the FishStat database user consultation took place during July-December 2023. About 93 percent of returning users agreed that the FishStat database was adequate for their purpose. As for compliance of the data with the FAO SDQAF quality dimensions, the overall percentage of satisfied  responses was about 81 percent, while the percentage of fully satisfied users simultaneously across all the 5 quality dimensions was 53 percent. The percentage of fully satisfied users is defined as the share of respondents who selected “agree” or “strongly agree” simultaneously across all the different 5 SDQAF dimensions.","","","2024"
"13.3","5","The availability of official data reported by countries varies widely. Whenever national offices failed to report their annual fishery and aquaculture statistics in time for the dissemination of the dataset, FAO estimated the quantities  on the basis of other available information using approved methodologies in order to create a comprehensive global dataset. These estimates enable meaningful aggregates at the global, regional and national levels. 

In terms of species, FAO tries to collate and disseminate data at the most detailed level available. However, several countries still report their production by large groups of species. In these circumstances the data presented by individual species items may, in some cases, be underestimated. Therefore, when examining the statistics for a particular species, it should be noted that an unknown proportion of the production for that species might have been reported by the national office under the generic, family or order name of the species, or higher levels of aggregation such as “Marine water fishes NEI”. Consequently, species item totals may underestimate the real production of the individual species.","","","2024"
"14.1","5","The share of estimated/inputted data is about 9 percent referring to all years but raises to 41 percent when referring to 2023. Quality of the data varies according to the country, in particular in reference to the granularity of the detail by species.","","","2023"
"14.2","5","Not applicable","No aplica","Pas applicable","2024"
"14.3","5","Inputation rate: 41 percent in 2023.","","","2023"
"14.4","5","Countries regularly revise their official statistics for past periods as well as for the latest reporting year. Estimates/imputations done by FAO might be also revised on the basis of more accurate information.","","","2024"
"14.5","5","When previously published data are revised, they are disseminated concurrently with the new data release. Therefore, users are advised to refrain from comparing data published in previous releases with the latest one.","","","2024"
"15.1","5","The deadline for submitting capture fisheries data to FAO is usually between 8 to 9 months after the end of the reference year. Data are then normally processed and disseminated within 9 months.","","","2024"
"15.2","5","The release is according to the schedule of the calendar.","","","2024"
"16.1","5","Data are mostly comparable between geographical areas, countries or regions. However it should be taken into account that the degree of comparability might be affected by the differences in methods and coverage of data collections between countries, except for regions where countries are bound by regulations mandating harmonized methods, such as European Union countries.","","","2024"
"16.2","5","For shorter time periods, reasonably good comparability over time can be expected. However, as the time series might be very long, full comparability over time cannot be expected. Detailed information on data variations and methodological changes is provided in the country notes, available in FishStatJ ""Global fisheries and aquaculture production"" workspace.","","","2024"
"16.3","5","FAO fisheries and aquaculture production statistics are the only global source of this kind and it is not possible to compare them with other data sources or statistical domains. Yet, the use of internationally recognised code lists such as the ""ASFIS list of species items"" and the FAO major fishing areas, help to ensure cross-domain coherence. Production, processed production and trade data have a high cross-domain coherence, as they are used as inputs in the food balance sheets, which serve as an additional validation of the data in a single supply and utilization framework.","","","2024"
"16.4","5","• [The FAO International Standard Statistical Classification for Aquatic Animals and Plants (ISSCAAP)](https://www.fao.org/fishery/static/ASFIS/ISSCAAP.pdf)

• [FAO ASFIS list](https://www.fao.org/fishery/en/collection/asfis)

• [FAO Major fishing areas 34](https://www.fao.org/fishery/en/area/fao:34/en)

• [UN ""STANDARD COUNTRY OR AREA CODES FOR STATISTICAL USE""](https://unstats.un.org/unsd/methodology/m49/)","","","2024"
"17.1","5","The main data source is official statistics from FAO member countries. The national data can originate from surveys, administrative databases and estimates based on expert observations. The type of source used by countries can significantly affect reliability and comparability of data. In nearly all cases where countries provide their official production data, these are recorded as reported. However, in the case of issues with the data received, FAO works with the countries to revise their data in order to ensure consistency of the disseminated data. Data are complemented or replaced, when necessary, by information derived from other sources (e.g. regional fisheries management organizations and distant water fleets in exclusive economic zones) in accordance with the standards of the CWP. When no official data are available, unofficial sources may be used. If neither official nor unofficial sources are available, data are imputed. In all cases, disseminated data are flagged accordingly.","","","2024"
"17.2","5","Yearly","Anual","Annuel","2024"
"17.3","5","FAO data collection is carried out through collaboration with country correspondents in Member States. The data collection process relies on annual production questionnaires (STATLANT34) sent to countries, as well as data from national publications and official country websites.","","","2024"
"17.4","5","Countries are responsible for transmitting data which have already been checked. Validation at FAO concerns any transmission errors and data consistency checks, as well as outlier detection in line with the [FAO statistical standard on data editing and validation of input data](https://www.fao.org/3/cb9341en/cb9341en.pdf) and cross check with data from regional fisheries management organizations for selected species. Other validations consist in assessing consistency over the time series, regularity of totals and partial components and correspondence between variables from different data sets. In the case of issues with the data received, FAO works with the countries to revise their data in order to ensure consistency of the disseminated data.","","","2024"
"17.5","5","FAO is responsible for compiling the data and generating aggregates.","","","2024"
"17.6","5","FAO produces global, regional and sub-regional aggregates, in line with the [FAO Statistical Standard Series on Data aggregation](https://www.fao.org/3/cc2918en/cc2918en.pdf).","","","2024"
"17.7","5","The country correspondents are responsible for the quality of data. FAO validates and eventually corrects country data in consultation with them.","","","2024"
"17.8","5","Imputations are made according to the [FAO Statistical Standard Series - Imputation (2023)](https://www.fao.org/3/cb9339en/cb9339en.pdf)","","","2024"
"18.1","5","FAO is responsible for the quality of internal statistical processes used to compile the published datasets. The [FAO Statistics and Data Quality Assurance Framework (SDQAF)](https://openknowledge.fao.org/items/01debb18-63b2-403b-87fe-0eca5409656e)  provides the necessary principles, guidelines and tools to carry out quality assessments. FAO is performing an internal bi-annual survey (FAO Quality Assessment and Planning Survey) designed to gather information on all of FAO’s statistical activities, notably to assess the extent to which quality standards are being implemented with a view to increasing compliance with the quality dimensions of SDQAF, documenting best practices and preparing quality improvement plans, where necessary. Domain-specific quality assurance activities are carried out systematically (e.g. quality reviews, self-assessments, compliance monitoring).","","","2024"
"18.2","5","The quality of FAO statistics is highly dependent upon the accuracy and reliability of the data collected and provided by countries. FAO strives to validate and ensure the quality of official data received by validating and cross checking them. FAO also works with countries to revise their data when appropriate to ensure consistency in the dissemination of official data. In the case of global capture fisheries production, data are complemented or replaced, when necessary, by data from other sources (e.g. regional fisheries management organizations and distant water fleets in exclusive economic zones) in accordance with the standards of the CWP.

According to the 2023 Quality Assessment and Planning Survey (QAPS) of FAO, global capture fisheries production data domain reported a quality score of 0.88. According to the QAPS a statistical output is considered of good quality when it reaches a quality score of 0.6 or above.","","","2024"
"19","5","Not applicable","No aplicable","Non applicable","2024"
"20","5","Not applicable","No aplicable","Non applicable","2024"
"01","6","GFCM (General Fisheries Commission for the Mediterranean) capture production - Metadata","","","2024"
"02.1","6","Food and Agriculture Organization of the United Nations (FAO)","Organización de las Naciones Unidas para la Alimentación y la Agricultura (FAO)","Organisation des Nations Unies pour l'alimentation et l'agriculture (FAO)","2024"
"02.2","6","[GFCM (Mediterranean and Black Sea) capture production](https://www.fao.org/fishery/en/collection/gfcm_capture)","[Capturas mundiales](https://www.fao.org/fishery/es/collection/capture?lang=en)","[Captures mondiales](https://www.fao.org/fishery/fr/collection/capture?lang=en)","2024"
"03.1","6","Food and Agriculture Organization of the United Nations (FAO)","Organización de las Naciones Unidas para la Alimentación y la Agricultura (FAO)","Organisation des Nations Unies pour l'alimentation et l'agriculture (FAO)","2024"
"03.2","6","FAO-GFCM","","","2024"
"03.3","6","Viale delle Terme di Caracalla, 00153 Rome, Italy","Viale delle Terme di Caracalla, 00153 Roma, Italia","Viale delle Terme di Caracalla, 00153 Rome, Italie","2024"
"03.4","6","[Fish-Statistics-Inquiries@fao.org](mailto:Fish-Statistics-Inquiries@fao.org)","[Fish-Statistics-Inquiries@fao.org](mailto:Fish-Statistics-Inquiries@fao.org)","[Fish-Statistics-Inquiries@fao.org](mailto:Fish-Statistics-Inquiries@fao.org)","2024"
"04.1","6","28/03/2025","28/03/2025","28/03/2025","2024"
"04.2","6","28/03/2025","28/03/2025","28/03/2025","2024"
"05.1","6","The GFCM (General Fisheries Commission for the Mediterranean) database presents annual statistics allocated by (i) countries or areas, (ii) species items, and (iii) statistical divisions, of capture production in the Mediterranean and Black Sea region for calendar years starting with 1970. The data exclude production from marine aquaculture practices. The database does not contain statistics for marine mammals and seaweeds. Data include all quantities caught and landed for both food and feed purposes but exclude discards, live escapements or losses prior to landings. Catches of fish, crustaceans and molluscs are expressed in live weight, that is the nominal weight of the aquatic organisms at the time of capture. Data are given in tonnes (=1000 kg).","","","2024"
"05.2","6","The GFCM region, which coincides with the FAO fishing area """"37 - Mediterranean and Black Sea"""", has been split into four subareas, further sub-divided in ten divisions. The boundaries of these subareas and divisions are shown in a map attached. Below is the list of subareas and divisions.

37 1 - WESTERN subarea, which includes three divisions:
37 1 1 - Balearic
37 1 2 - Gulf of Lions
37 1 3 - Sardinia

37 2 - CENTRAL subarea, which includes two divisions:
37 2 1 - Adriatic
37 2 2 - Ionian

37 3 - EASTERN subarea, which includes two divisions:
37 3 1 - Aegean
37 3 2 - Levant

37 4 - BLACK SEA subarea, which includes three divisions:
37 4 1 - Marmara Sea
37 4 2 - Black Sea (proper)
37 4 3 - Azov Sea

Tuna catches are not allocated according to GFCM statistical divisions and are grouped together into a division named """"Tunas"""" (37 0 0). Another division, named """"Not known"""" (37 9 0), contains all the catches for which the statistical division is not known.","","","2023"
"05.3","6","Capture fisheries","","","2024"
"05.4","6","Capture fisheries refers to the hunting, collecting and gathering activities directed at removing or collecting live wild aquatic organisms. Data relate to nominal landings, converted into a live weight basis (wet weight for algae), of fish, crustaceans, molluscs, aquatic mammals, other aquatic animals, products (corals, pearls and sponges) and aquatic plants (seaweed and other algae) taken for commercial, industrial, recreational and subsistence purposes from inland waters, brackish and marine areas, including inshore, offshore and high seas marine fishing areas. Data include all quantities caught and landed for both food and feed purposes but exclude discards, live escapements or losses prior to landings. The flag of the fishing vessel performing the essential part of the fishing operation is used to assign nationality to catches, unless the wording of chartering and joint operation contracts indicates otherwise.

With reference to global capture production, fish, crustaceans, molluscs and all other aquatic organisms have been classified according to approximately 3700 commercial species items, further arranged within the 50 groups of species constituting the nine divisions of the FAO International Standard Statistical Classification of Aquatic Animals and Plants (ISSCAAP) on the basis of their taxonomic, ecological and economic characteristics. The taxonomic code descriptors are taken from the ""ASFIS list of species for fishery statistics purposes"" (version 2024). Please note that the list of species disseminated in these datasets might not adhere entirely to ASFIS (version 2024) due to differing publication schedules. More information about the ASFIS list and the ISSCAAP classification is available at https://www.fao.org/fishery/en/collection/asfis. 

Statistical concepts and standards related to fisheries and aquaculture statistics are available in the [Handbook of Fishery Statistics of the Coordinating Working Party on Fishery Statistics (CWP)](https://www.fao.org/cwp-on-fishery-statistics/handbook/en/).","","","2023"
"05.5","6","The list of countries and the geographical classification are primarily based on the UN ""[Standard country or area codes for statistical use](https://unstats.un.org/unsd/methodology/m49/)"".
Additional country classifications available in the released workspace of this dataset available in FishStatJ or online query panel are based on a variety of sources. Here below the main ones:

• [Least Developed Countries (LDC) (version 2024)](https://www.un.org/development/desa/dpad/wp-content/uploads/sites/45/publication/ldc_list.pdf)

• [Low-Income Food-Deficit Countries (LIFDCs) (2023 revision)](https://www.fao.org/countryprofiles/lifdc/en/)

• [Landlocked Developing Countries (LLDCs)](https://unctad.org/topic/landlocked-developing-countries/list-of-LLDCs)

• [Small Island Developing States (SIDS)](https://www.un.org/ohrlls/content/list-sids)

• [Net Food-Importing Developing Countries (NFIDC) (2024 revision)](https://docs.wto.org/dol2fe/Pages/SS/directdoc.aspx?filename=q:/G/AG/5R12.pdf&Open=True)

• [The classification of the World Bank by income (2025 revision)](https://datahelpdesk.worldbank.org/knowledgebase/articles/906519-world-bank-country-and-lending-groups)

The term “country"" or ""country or area” as used in the dataset also covers territories, cities and land areas, as well as provinces, districts, enclaves and other parts of territories or combinations of countries or areas such as economic or customs unions. Country or area names and designations are subject to nationally announced changes. Name changes announced recently may not have been incorporated in this dataset release but will be reflected in future ones. The designations employed and the presentation of material in this dataset do not imply the expression of any opinion whatsoever on the part of FAO concerning the legal or development status of any country, territory, city or area or of its authorities, or concerning the delimitation of its frontiers or boundaries.

Specific notes on geographical coverage: 

1) Information provided by Ukraine excludes statistical data concerning the Autonomous Republic of Crimea, the city of Sevastopol and the Donetsk, Luhansk, Kherson and Zaporizhzhia regions. The information is presented without prejudice to relevant UN General Assembly and UN Security Council resolutions, which reaffirm the territorial integrity of Ukraine. 

2) Information provided by the Russian Federation includes statistical data for the Autonomous Republic of Crimea and the city of Sevastopol, Ukraine, temporarily occupied by the Russian Federation.

3) Data for countries that belonged to the former Union of Soviet Socialist Republics (former USSR) are available as a single aggregate until 1991. 

4) For statistical purposes, the data for China do not include China, Hong Kong SAR, China, Macao SAR and Taiwan Province of China, which are presented separately. Therefore, “China” refers to China’s mainland only.

5) Detailed country or area notes are available inside the global fisheries and aquaculture production workspace in FishStatJ.","","","2023"
"05.6","6","From 1970 to 2023","1970-2023","1970-2023","2023"
"05.7","6","Not applicable","","","2024"
"06","6","Production of fish, crustaceans and molluscs are expressed in live weight, that is the nominal weight of the aquatic organisms at the time of harvest. Data are expressed in tonnes (=1000 kg).","","","2024"
"07","6","The annual period used is the calendar year (1 January-31 December), with the exceptions of capture data for some countries for which a split-year is used. Split-year data are shown under the calendar year in which the split-year ends.","","","2024"
"08.1","6","[Article I of the FAO Constitution](https://www.fao.org/3/x5584e/x5584e0i.htm) requires the Organization to collect, analyze, interpret and disseminate information relating to nutrition, food and agriculture (FAO, 1945).
The General Fisheries Commission for the Mediterranean (GFCM) is a regional fisheries management organization (RFMO) established in 1949 under the provisions of Article XIV of the Constitution of the Food and Agriculture Organization of the United Nations (FAO). In 1952, the Agreement for the establishment of the General Fisheries Commission for the Mediterranean (GFCM Agreement) officially came into force.","","","2024"
"08.2","6","These statistics are drawn primarily from official data from countries and territories, who have primary responsibility for data collection. FAO collects data from countries annually through questionnaires specific to each dataset and each country. Data are complemented or replaced, when necessary, by data from other sources (e.g. regional fisheries management organizations and distant water fleets in exclusive economic zones) in accordance with the standards of the CWP.","","","2024"
"09.1","6","FAO data and statistics are produced in accordance with FAO Policy on Data Protection and the implementation modalities of FAO SDQAF Principle 4 on Data protection and Statistical Confidentiality.","","","2024"
"09.2","6","If any, confidential data are not disseminated by FAO as such. Suppressed confidential data are marked in the database with SDMX flag “Q - Missing value; suppress”.","","","2024"
"09.3","6","Not applicable","No aplica","Pas applicable","2024"
"10.1","6","FAO FishStat regional data releases follow a release calendar available publicly at the main FAO FishStat page at [https://www.fao.org/fishery/en/fishstat].
Regional capture production data for the most recent available year are disseminated annually in July.","","","2024"
"10.2","6","[Release calendar](https://www.fao.org/fishery/services/storage/fs/fishery/documents/fishstat/FishStatReleaseCalendar.pdf)","[Calendario de publicaciones](https://www.fao.org/fishery/services/storage/fs/fishery/documents/fishstat/FishStatReleaseCalendar.pdf)","[Calendrier de publication](https://www.fao.org/fishery/services/storage/fs/fishery/documents/fishstat/FishStatReleaseCalendar.pdf)","2024"
"10.3","6","This data domain is disseminated according to FAO's Open Data Licensing for Statistical Databases Policy, under the [Creative Commons Attribution 4.0 International license (CC-BY 4.0)](https://creativecommons.org/licenses/by/4.0/) and are subject to [FAO Statistical Database Terms of Use](https://www.fao.org/contact-us/terms/db-terms-of-use/en/].","","","2024"
"10.4","6","[https://creativecommons.org/licenses/by/4.0/](https://creativecommons.org/licenses/by/4.0/)","[https://creativecommons.org/licenses/by/4.0/](https://creativecommons.org/licenses/by/4.0/)","[https://creativecommons.org/licenses/by/4.0/](https://creativecommons.org/licenses/by/4.0/)","2024"
"11","6","Yearly","Anual","Annuel","2024"
"12.1","6","Not applicable","No aplica","Pas applicable","2024"
"12.2","6","Not applicable","No aplica","Pas applicable","2023"
"12.3","6","[GFCM (Mediterranean and Black Sea) capture production](https://www.fao.org/fishery/en/collection/gfcm_capture)","","","2024"
"12.4","6","Not applicable","No aplica","Pas applicable","2024"
"12.5","6","This dataset can be consulted through different [tools and formats](https://www.fao.org/fishery/en/collection/gfcm_capture)","","","2024"
"12.6","6","National reference metadata are submitted by some countries, but these are not yet disseminated by FAO. Information on the methodology followed is available in the Annex 2 ""Methodological notes and glossary"" of the [FAO Yearbook Fishery and Aquaculture Statistics](https://doi.org/10.4060/cd4312en)","","","2023"
"13.1","6","The main users are FAO analysts, other international organizations, ministries and government agencies, agro-industry, trade and professional associations, research institutes and universities, journalists and the general public. According to the 2023 FishStat database user consultation, researchers are the largest user group, accounting for almost 32 percent of total respondents, followed by students and educators (around 25 percent), while users from private companies represent a share of 15 percent. The objectives of these users vary, but fishery and aquaculture production statistics are especially useful for market management/monitoring, production forecasts and policy-making in the sector. FAO is not aware of unmet needs. Users are encouraged to contact the dataset owner for resolving more specific queries that are not addressed elsewhere in these metadata.","","","2024"
"13.2","6","The latest quality review is the FishStat database user consultation took place during July-December 2023. About 93 percent of returning users agreed that the FishStat database was adequate for their purpose. As for compliance of the data with the FAO SDQAF quality dimensions, the overall percentage of satisfied  responses was about 81 percent, while the percentage of fully satisfied users simultaneously across all the 5 quality dimensions was 53 percent. The percentage of fully satisfied users is defined as the share of respondents who selected “agree” or “strongly agree” simultaneously across all the different 5 SDQAF dimensions.","","","2024"
"13.3","6","The availability of official data reported by countries varies widely. Whenever national offices failed to report their annual fishery and aquaculture statistics in time for the dissemination of the dataset, FAO estimated the quantities  on the basis of other available information using approved methodologies in order to create a comprehensive global dataset. These estimates enable meaningful aggregates at the global, regional and national levels. 

In terms of species, FAO tries to collate and disseminate data at the most detailed level available. However, several countries still report their production by large groups of species. In these circumstances the data presented by individual species items may, in some cases, be underestimated. Therefore, when examining the statistics for a particular species, it should be noted that an unknown proportion of the production for that species might have been reported by the national office under the generic, family or order name of the species, or higher levels of aggregation such as “Marine water fishes NEI” or “Freshwater fishes NEI”. Consequently, species item totals may underestimate the real production of the individual species.","","","2024"
"14.1","6","The share of estimated/inputted data is about 4 percent referring to all years but raises to 8 percent when referring to 2023. Quality of the data varies according to the country, in particular in reference to the granularity of the detail by species.","","","2023"
"14.2","6","Not applicable","No aplica","Pas applicable","2024"
"14.3","6","Inputation rate: 8 percent in 2023.","","","2023"
"14.4","6","Countries regularly revise their official statistics for past periods. Estimates/imputations done by FAO might also be revised on the basis of more accurate information.","","","2024"
"14.5","6","When previously published data are revised, they are disseminated concurrently with the new data release. Therefore, users are advised to refrain from comparing data published in previous releases with the latest one.","","","2024"
"15.1","6","The deadline for submitting capture fisheries data to FAO is usually between 8 to 9 months after the end of the reference year. Data are then normally processed and disseminated within 9 months.","","","2024"
"15.2","6","The release is according to the schedule of the calendar.","","","2024"
"16.1","6","Data are mostly comparable between geographical areas, countries or regions. However it should be taken into account that the degree of comparability might be affected by the differences in methods and coverage of data collections between countries, except for regions where countries are bound by regulations mandating harmonized methods, such as European Union countries.","","","2024"
"16.2","6","For shorter time periods, reasonably good comparability over time can be expected. However, as the time series might be very long, full comparability over time cannot be expected. Detailed information on data variations and methodological changes is provided in the country notes, available in FishStatJ ""Global fisheries and aquaculture production"" workspace.","","","2024"
"16.3","6","FAO fisheries and aquaculture production statistics are the only global source of this kind and it is not possible to compare them with other data sources or statistical domains. Yet, the use of internationally recognised code lists such as the ""ASFIS list of species items"" and the FAO major fishing areas, help to ensure cross-domain coherence. Production, processed production and trade data have a high cross-domain coherence, as they are used as inputs in the food balance sheets, which serve as an additional validation of the data in a single supply and utilization framework.","","","2024"
"16.4","6","• [The FAO International Standard Statistical Classification for Aquatic Animals and Plants (ISSCAAP)](https://www.fao.org/fishery/static/ASFIS/ISSCAAP.pdf)

• [FAO ASFIS list](https://www.fao.org/fishery/en/collection/asfis)

• [FAO Major fishing areas for statistical purposes](https://www.fao.org/cwp-on-fishery-statistics/handbook/general-concepts/main-water-areas/en/)

• [UN ""STANDARD COUNTRY OR AREA CODES FOR STATISTICAL USE""](https://unstats.un.org/unsd/methodology/m49/)","","","2024"
"17.1","6","The main data source is official statistics from FAO member countries. The national data can originate from surveys, administrative databases and estimates based on expert observations. The type of source used by countries can significantly affect reliability and comparability of data. In nearly all cases where countries provide their official production data, these are recorded as reported. However, in the case of issues with the data received, FAO works with the countries to revise their data in order to ensure consistency of the disseminated data. Data are complemented or replaced, when necessary, by information derived from other sources (e.g. regional fisheries management organizations and distant water fleets in exclusive economic zones) in accordance with the standards of the CWP. When no official data are available, unofficial sources may be used. If neither official nor unofficial sources are available, data are imputed. In all cases, disseminated data are flagged accordingly.","","","2024"
"17.2","6","Yearly","Anual","Annuel","2024"
"17.3","6","FAO data collection is carried out through collaboration with country correspondents in Member States. The data collection process relies on annual production questionnaires (STATLANT 37A) sent to countries, as well as data from national publications and official country websites.","","","2024"
"17.4","6","Countries are responsible for transmitting data which have already been checked. Validation at FAO concerns any transmission errors and data consistency checks, as well as outlier detection in line with the [FAO statistical standard on data editing and validation of input data](https://www.fao.org/3/cb9341en/cb9341en.pdf) and cross check with data from regional fisheries management organizations for selected species. Other validations consist in assessing consistency over the time series, regularity of totals and partial components and correspondence between variables from different data sets. In the case of issues with the data received, FAO works with the countries to revise their data in order to ensure consistency of the disseminated data.","","","2024"
"17.5","6","FAO is responsible for compiling the data and generating aggregates.","","","2024"
"17.6","6","FAO produces global, regional and sub-regional aggregates, in line with the [FAO Statistical Standard Series on Data aggregation](https://www.fao.org/3/cc2918en/cc2918en.pdf).","","","2024"
"17.7","6","The country correspondents are responsible for the quality of data. FAO validates and eventually corrects country data in consultation with them.","","","2024"
"17.8","6","Imputations are made according to the [FAO Statistical Standard Series - Imputation (2023)](https://www.fao.org/3/cb9339en/cb9339en.pdf)","","","2024"
"18.1","6","FAO is responsible for the quality of internal statistical processes used to compile the published datasets. The [FAO Statistics and Data Quality Assurance Framework (SDQAF)](https://openknowledge.fao.org/items/01debb18-63b2-403b-87fe-0eca5409656e)  provides the necessary principles, guidelines and tools to carry out quality assessments. FAO is performing an internal bi-annual survey (FAO Quality Assessment and Planning Survey) designed to gather information on all of FAO’s statistical activities, notably to assess the extent to which quality standards are being implemented with a view to increasing compliance with the quality dimensions of SDQAF, documenting best practices and preparing quality improvement plans, where necessary. Domain-specific quality assurance activities are carried out systematically (e.g. quality reviews, self-assessments, compliance monitoring).","","","2024"
"18.2","6","The quality of FAO statistics is highly dependent upon the accuracy and reliability of the data collected and provided by countries. FAO strives to validate and ensure the quality of official data received by validating and cross checking them. FAO also works with countries to revise their data when appropriate to ensure consistency in the dissemination of official data. In the case of global capture fisheries production, data are complemented or replaced, when necessary, by data from other sources (e.g. regional fisheries management organizations and distant water fleets in exclusive economic zones) in accordance with the standards of the CWP.

According to the 2023 Quality Assessment and Planning Survey (QAPS) of FAO, global capture fisheries production data domain reported a quality score of 0.88. According to the QAPS a statistical output is considered of good quality when it reaches a quality score of 0.6 or above.","","","2024"
"19","6","Not applicable","No aplicable","Non applicable","2024"
"20","6","Not applicable","No aplicable","Non applicable","2024"
"01","7","RECOFI (part of Western Indian Ocean) capture production - Metadata","","","2024"
"02.1","7","Food and Agriculture Organization of the United Nations (FAO)","","","2024"
"02.2","7","[RECOFI capture production](https:/https://www.fao.org/fishery/en/collection/recofi_capture)","","","2024"
"03.1","7","Food and Agriculture Organization of the United Nations (FAO)","","","2024"
"03.2","7","Statistics and Information Team (NFISI) of the FAO Fisheries and Aquaculture Division (NFI)","Equipo de estadísticas e información (NFISI) de la División de Pesca y Acuicultura (NFI)","Équipe des statistiques et de l’information (NFISI) de la Division des pêches et de l'aquaculture (NFI)","2024"
"03.3","7","Viale delle Terme di Caracalla, 00153 Rome, Italy","","","2024"
"03.4","7","[Fish-Statistics-Inquiries@fao.org](mailto:Fish-Statistics-Inquiries@fao.org)","","","2024"
"04.1","7","28/03/2025","","","2024"
"04.2","7","28/03/2025","","","2024"
"05.1","7","The RECOFI (Regional Commission for Fisheries) database presents annual statistics allocated by (i) countries or areas, (ii) species items, and (iii) statistical divisions, of capture production in the RECOFI region for calendar years starting with 1986. Data cover aquatic animals (fish, crustaceans, molluscs, etc.), with exception of marine mammals, harvested through capture fisheries activities, taken for commercial, industrial, recreational and subsistence purposes.  Data include all quantities caught and landed for both food and feed purposes, but exclude discards and live escapements or losses prior to landings. Mariculture is also excluded.","","","2024"
"05.2","7","The dataset provides a comprehensive coverage of the capture fisheries production in the RECOFI area for the member countries. FAO strives to provide data for all countries and territories covering fisheries production at the most detailed level of species items.","","","2024"
"05.3","7","Capture fisheries","","","2024"
"05.4","7","Capture fisheries refers to the hunting, collecting and gathering activities directed at removing or collecting live wild aquatic organisms. Data relate to nominal landings, converted into a live weight basis (wet weight for algae), of fish, crustaceans, molluscs, aquatic mammals, other aquatic animals, products (corals, pearls and sponges) and aquatic plants (seaweed and other algae) taken for commercial, industrial, recreational and subsistence purposes from inland waters, brackish and marine areas, including inshore, offshore and high seas marine fishing areas. Data include all quantities caught and landed for both food and feed purposes but exclude discards, live escapements or losses prior to landings. The flag of the fishing vessel performing the essential part of the fishing operation is used to assign nationality to catches, unless the wording of chartering and joint operation contracts indicates otherwise.

With reference to global capture production, fish, crustaceans, molluscs and all other aquatic organisms have been classified according to approximately 3700 commercial species items, further arranged within the 50 groups of species constituting the nine divisions of the FAO International Standard Statistical Classification of Aquatic Animals and Plants (ISSCAAP) on the basis of their taxonomic, ecological and economic characteristics. The taxonomic code descriptors are taken from the ""ASFIS list of species for fishery statistics purposes"" (version 2024). Please note that the list of species disseminated in these datasets might not adhere entirely to ASFIS (version 2024) due to differing publication schedules. More information about the ASFIS list and the ISSCAAP classification is available at https://www.fao.org/fishery/en/collection/asfis. 

Statistical concepts and standards related to fisheries and aquaculture statistics are available in the [Handbook of Fishery Statistics of the Coordinating Working Party on Fishery Statistics (CWP)](https://www.fao.org/cwp-on-fishery-statistics/handbook/en/).","","","2023"
"05.5","7","The list of countries and the geographical classification are primarily based on the UN ""[Standard country or area codes for statistical use](https://unstats.un.org/unsd/methodology/m49/)"".
Additional country classifications available in the released workspace of this dataset available in FishStatJ or online query panel are based on a variety of sources. Here below the main ones:

• [Least Developed Countries (LDC) (version 2024)](https://www.un.org/development/desa/dpad/wp-content/uploads/sites/45/publication/ldc_list.pdf)

• [Low-Income Food-Deficit Countries (LIFDCs) (2023 revision)](https://www.fao.org/countryprofiles/lifdc/en/)

• [Landlocked Developing Countries (LLDCs)](https://unctad.org/topic/landlocked-developing-countries/list-of-LLDCs)

• [Small Island Developing States (SIDS)](https://www.un.org/ohrlls/content/list-sids)

• [Net Food-Importing Developing Countries (NFIDC) (2024 revision)](https://docs.wto.org/dol2fe/Pages/SS/directdoc.aspx?filename=q:/G/AG/5R12.pdf&Open=True)

• [The classification of the World Bank by income (2025 revision)](https://datahelpdesk.worldbank.org/knowledgebase/articles/906519-world-bank-country-and-lending-groups)

The term “country"" or ""country or area” as used in the dataset also covers territories, cities and land areas, as well as provinces, districts, enclaves and other parts of territories or combinations of countries or areas such as economic or customs unions. Country or area names and designations are subject to nationally announced changes. Name changes announced recently may not have been incorporated in this dataset release but will be reflected in future ones. The designations employed and the presentation of material in this dataset do not imply the expression of any opinion whatsoever on the part of FAO concerning the legal or development status of any country, territory, city or area or of its authorities, or concerning the delimitation of its frontiers or boundaries.

Specific notes on geographical coverage: 

1) Information provided by Ukraine excludes statistical data concerning the Autonomous Republic of Crimea, the city of Sevastopol and the Donetsk, Luhansk, Kherson and Zaporizhzhia regions. The information is presented without prejudice to relevant UN General Assembly and UN Security Council resolutions, which reaffirm the territorial integrity of Ukraine. 

2) Information provided by the Russian Federation includes statistical data for the Autonomous Republic of Crimea and the city of Sevastopol, Ukraine, temporarily occupied by the Russian Federation.

3) Data for countries that belonged to the former Union of Soviet Socialist Republics (former USSR) are available as a single aggregate until 1991. 

4) For statistical purposes, the data for China do not include China, Hong Kong SAR, China, Macao SAR and Taiwan Province of China, which are presented separately. Therefore, “China” refers to China’s mainland only.

5) Detailed country or area notes are available inside the global fisheries and aquaculture production workspace in FishStatJ.","","","2023"
"05.6","7","From 1986 to 2023","","","2023"
"05.7","7","Not applicable","","","2024"
"06","7","Production of fish, crustaceans and molluscs are expressed in live weight, that is the nominal weight of the aquatic organisms at the time of harvest. Data are expressed in tonnes (=1000 kg).","","","2024"
"07","7","The annual period used is the calendar year (1 January-31 December), with the exceptions of some countries for which a split-year is used. Split-year data are shown under the calendar year in which the split-year ends.","","","2024"
"08.1","7","[Article I of the FAO Constitution](https://www.fao.org/3/x5584e/x5584e0i.htm) requires the Organization to collect, analyze, interpret and disseminate information relating to nutrition, food and agriculture (FAO, 1945).
The Regional Commission for Fisheries (RECOFI) was established in 1999 by the FAO Council, at its Hundred and Seventeenth Session, under Article VI (paragraph 2) of the FAO Constitution.
The Commission in effect replaced in terms of geographical area the former Committee for the Development & management of the Fisheries Resources of the Gulfs, a subsidiary body of the Indian Ocean Fishery Commission (IOFC). The Gulfs Committee was abolished by IOFC at its Eleventh Session in February 1999. IOFC was itself abolished by Resolution 116/1 of the council in June 1999.
[recofi_agreement_text](https://www.fao.org/fishery/static/recofi/recofi_agreement_text.pdf)","","","2024"
"08.2","7","These statistics are drawn primarily from official data from countries and territories, who have primary responsibility for data collection. FAO collects data from countries annually through questionnaires specific to each dataset and each country. Data are complemented or replaced, when necessary, by data from other sources (e.g. regional fisheries management organizations and distant water fleets in exclusive economic zones) in accordance with the standards of the CWP.","","","2024"
"09.1","7","FAO data and statistics are produced in accordance with FAO Policy on Data Protection and the implementation modalities of FAO SDQAF Principle 4 on Data protection and Statistical Confidentiality.","","","2024"
"09.2","7","If any, confidential data are not disseminated by FAO as such. Suppressed confidential data are marked in the database with SDMX flag “Q - Missing value; suppress”.","","","2024"
"09.3","7","Not applicable","","","2024"
"10.1","7","FAO FishStat regional data releases follow a release calendar available publicly at the main FAO FishStat page at [https://www.fao.org/fishery/en/fishstat].
Regional capture production data for the most recent available year are disseminated annually in July.","","","2024"
"10.2","7","[Release calendar](https://www.fao.org/fishery/services/storage/fs/fishery/documents/fishstat/FishStatReleaseCalendar.pdf)","","","2024"
"10.3","7","This data domain is disseminated according to FAO's Open Data Licensing for Statistical Databases Policy, under the [Creative Commons Attribution 4.0 International license (CC-BY 4.0)](https://creativecommons.org/licenses/by/4.0/) and are subject to [FAO Statistical Database Terms of Use](https://www.fao.org/contact-us/terms/db-terms-of-use/en/].","","","2024"
"10.4","7","[https://creativecommons.org/licenses/by/4.0/](https://creativecommons.org/licenses/by/4.0/)","","","2024"
"11","7","Yearly","","","2024"
"12.1","7","Not applicable","","","2024"
"12.2","7","Not applicable","","","2023"
"12.3","7","[RECOFI capture production](https:/https://www.fao.org/fishery/en/collection/recofi_capture)","","","2024"
"12.4","7","Not applicable","","","2024"
"12.5","7","This dataset can be consulted through different [tools and formats](https://https://www.fao.org/fishery/en/collection/recofi_capture)","","","2024"
"12.6","7","National reference metadata are submitted by some countries, but these are not yet disseminated by FAO. Information on the methodology followed is available in the Annex 2 ""Methodological notes and glossary"" of the [FAO Yearbook Fishery and Aquaculture Statistics](https://doi.org/10.4060/cd4312en)","","","2023"
"13.1","7","The main users are FAO analysts, other international organizations, ministries and government agencies, agro-industry, trade and professional associations, research institutes and universities, journalists and the general public. According to the 2023 FishStat database user consultation, researchers are the largest user group, accounting for almost 32 percent of total respondents, followed by students and educators (around 25 percent), while users from private companies represent a share of 15 percent. The objectives of these users vary, but fishery and aquaculture production statistics are especially useful for market management/monitoring, production forecasts and policy-making in the sector. FAO is not aware of unmet needs. Users are encouraged to contact the dataset owner for resolving more specific queries that are not addressed elsewhere in these metadata.","","","2024"
"13.2","7","The latest quality review is the FishStat database user consultation took place during July-December 2023. About 93 percent of returning users agreed that the FishStat database was adequate for their purpose. As for compliance of the data with the FAO SDQAF quality dimensions, the overall percentage of satisfied  responses was about 81 percent, while the percentage of fully satisfied users simultaneously across all the 5 quality dimensions was 53 percent. The percentage of fully satisfied users is defined as the share of respondents who selected “agree” or “strongly agree” simultaneously across all the different 5 SDQAF dimensions.","","","2024"
"13.3","7","The availability of official data reported by countries varies widely. Whenever national offices failed to report their annual fishery and aquaculture statistics in time for the dissemination of the dataset, FAO estimated the quantities  on the basis of other available information using approved methodologies in order to create a comprehensive global dataset. These estimates enable meaningful aggregates at the global, regional and national levels. 

In terms of species, FAO tries to collate and disseminate data at the most detailed level available. However, several countries still report their production by large groups of species. In these circumstances the data presented by individual species items may, in some cases, be underestimated. Therefore, when examining the statistics for a particular species, it should be noted that an unknown proportion of the production for that species might have been reported by the national office under the generic, family or order name of the species, or higher levels of aggregation such as “Marine water fishes NEI” or “Freshwater fishes NEI”. Consequently, species item totals may underestimate the real production of the individual species.","","","2024"
"14.1","7","The share of estimated/inputted data is about 14 percent referring to all years but raises to 47 percent when referring to 2023. Quality of the data varies according to the country, in particular in reference to the granularity of the detail by species.","","","2023"
"14.2","7","Not applicable","","","2024"
"14.3","7","Inputation rate: 47 percent in 2023.","","","2023"
"14.4","7","Countries regularly revise their official statistics for past periods as well as for the latest reporting year. Estimates/imputations done by FAO might be also revised on the basis of more accurate information.","","","2024"
"14.5","7","When previously published data are revised, they are disseminated concurrently with the new data release. Therefore, users are advised to refrain from comparing data published in previous releases with the latest one.","","","2024"
"15.1","7","The deadline for submitting capture fisheries data to FAO is usually between 8 to 9 months after the end of the reference year. Data are then normally processed and disseminated within 9 months.","","","2024"
"15.2","7","The release is according to the schedule of the calendar.","","","2024"
"16.1","7","Data are mostly comparable between geographical areas, countries or regions. However it should be taken into account that the degree of comparability might be affected by the differences in methods and coverage of data collections between countries, except for regions where countries are bound by regulations mandating harmonized methods, such as European Union countries.","","","2024"
"16.2","7","For shorter time periods, reasonably good comparability over time can be expected. However, as the time series might be very long, full comparability over time cannot be expected. Detailed information on data variations and methodological changes is provided in the country notes, available in FishStatJ ""Global fisheries and aquaculture production"" workspace.","","","2024"
"16.3","7","FAO fisheries and aquaculture production statistics are the only global source of this kind and it is not possible to compare them with other data sources or statistical domains. Yet, the use of internationally recognised code lists such as the ""ASFIS list of species items"" and the FAO major fishing areas, help to ensure cross-domain coherence. Production, processed production and trade data have a high cross-domain coherence, as they are used as inputs in the food balance sheets, which serve as an additional validation of the data in a single supply and utilization framework.","","","2024"
"16.4","7","• [The FAO International Standard Statistical Classification for Aquatic Animals and Plants (ISSCAAP)](https://www.fao.org/fishery/static/ASFIS/ISSCAAP.pdf)

• [FAO ASFIS list](https://www.fao.org/fishery/en/collection/asfis)

• [FAO Major fishing areas for statistical purposes](https://www.fao.org/cwp-on-fishery-statistics/handbook/general-concepts/main-water-areas/en/)

• [UN ""STANDARD COUNTRY OR AREA CODES FOR STATISTICAL USE""](https://unstats.un.org/unsd/methodology/m49/)","","","2024"
"17.1","7","The main data source is official statistics from FAO member countries. The national data can originate from surveys, administrative databases and estimates based on expert observations. The type of source used by countries can significantly affect reliability and comparability of data. In nearly all cases where countries provide their official production data, these are recorded as reported. However, in the case of issues with the data received, FAO works with the countries to revise their data in order to ensure consistency of the disseminated data. Data are complemented or replaced, when necessary, by information derived from other sources (e.g. regional fisheries management organizations and distant water fleets in exclusive economic zones) in accordance with the standards of the CWP. When no official data are available, unofficial sources may be used. If neither official nor unofficial sources are available, data are imputed. In all cases, disseminated data are flagged accordingly.","","","2024"
"17.2","7","Yearly","","","2024"
"17.3","7","FAO data collection is carried out through collaboration with country correspondents in Member States. The data collection process relies on annual production questionnaires (STATLANT 51A) sent to countries, as well as data from national publications and official country websites.","","","2024"
"17.4","7","Countries are responsible for transmitting data which have already been checked. Validation at FAO concerns any transmission errors and data consistency checks, as well as outlier detection in line with the [FAO statistical standard on data editing and validation of input data](https://www.fao.org/3/cb9341en/cb9341en.pdf) and cross check with data from regional fisheries management organizations for selected species. Other validations consist in assessing consistency over the time series, regularity of totals and partial components and correspondence between variables from different data sets. In the case of issues with the data received, FAO works with the countries to revise their data in order to ensure consistency of the disseminated data.","","","2024"
"17.5","7","FAO is responsible for compiling the data and generating aggregates.","","","2024"
"17.6","7","FAO produces global, regional and sub-regional aggregates, in line with the [FAO Statistical Standard Series on Data aggregation](https://www.fao.org/3/cc2918en/cc2918en.pdf).","","","2024"
"17.7","7","The country correspondents are responsible for the quality of data. FAO validates and eventually corrects country data in consultation with them.","","","2024"
"17.8","7","Imputations are made according to the [FAO Statistical Standard Series - Imputation (2023)](https://www.fao.org/3/cb9339en/cb9339en.pdf)","","","2024"
"18.1","7","FAO is responsible for the quality of internal statistical processes used to compile the published datasets. The [FAO Statistics and Data Quality Assurance Framework (SDQAF)](https://openknowledge.fao.org/items/01debb18-63b2-403b-87fe-0eca5409656e)  provides the necessary principles, guidelines and tools to carry out quality assessments. FAO is performing an internal bi-annual survey (FAO Quality Assessment and Planning Survey) designed to gather information on all of FAO’s statistical activities, notably to assess the extent to which quality standards are being implemented with a view to increasing compliance with the quality dimensions of SDQAF, documenting best practices and preparing quality improvement plans, where necessary. Domain-specific quality assurance activities are carried out systematically (e.g. quality reviews, self-assessments, compliance monitoring).","","","2024"
"18.2","7","The quality of FAO statistics is highly dependent upon the accuracy and reliability of the data collected and provided by countries. FAO strives to validate and ensure the quality of official data received by validating and cross checking them. FAO also works with countries to revise their data when appropriate to ensure consistency in the dissemination of official data. In the case of global capture fisheries production, data are complemented or replaced, when necessary, by data from other sources (e.g. regional fisheries management organizations and distant water fleets in exclusive economic zones) in accordance with the standards of the CWP.

According to the 2023 Quality Assessment and Planning Survey (QAPS) of FAO, global capture fisheries production data domain reported a quality score of 0.88. According to the QAPS a statistical output is considered of good quality when it reaches a quality score of 0.6 or above.","","","2024"
"19","7","Not applicable","No aplicable","Non applicable","2024"
"20","7","Not applicable","No aplicable","Non applicable","2024"
"01","8","SEAFO (Southeast Atlantic) capture production - Metadata","","","2024"
"02.1","8","Food and Agriculture Organization of the United Nations (FAO)","Organización de las Naciones Unidas para la Alimentación y la Agricultura (FAO)","Organisation des Nations Unies pour l'alimentation et l'agriculture (FAO)","2024"
"02.2","8","[SEAFO (Southeast Atlantic) capture production](https://www.fao.org/fishery/en/collection/seatl_capture)","","","2024"
"03.1","8","Food and Agriculture Organization of the United Nations (FAO)","Organización de las Naciones Unidas para la Alimentación y la Agricultura (FAO)","Organisation des Nations Unies pour l'alimentation et l'agriculture (FAO)","2024"
"03.2","8","Statistics and Information Team (NFISI) of the FAO Fisheries and Aquaculture Division (NFI)","Equipo de estadísticas e información (NFISI) de la División de Pesca y Acuicultura (NFI)","Équipe des statistiques et de l’information (NFISI) de la Division des pêches et de l'aquaculture (NFI)","2024"
"03.3","8","Viale delle Terme di Caracalla, 00153 Rome, Italy","Viale delle Terme di Caracalla, 00153 Roma, Italia","Viale delle Terme di Caracalla, 00153 Rome, Italie","2024"
"03.4","8","[Fish-Statistics-Inquiries@fao.org](mailto:Fish-Statistics-Inquiries@fao.org)","[Fish-Statistics-Inquiries@fao.org](mailto:Fish-Statistics-Inquiries@fao.org)","[Fish-Statistics-Inquiries@fao.org](mailto:Fish-Statistics-Inquiries@fao.org)","2024"
"04.1","8","28/03/2025","28/03/2025","28/03/2025","2024"
"04.2","8","28/03/2025","28/03/2025","28/03/2025","2024"
"05.1","8","The Southeast Atlantic database presents annual statistics allocated by (i) countries or areas, (ii) species items, and (iii) SEAFO statistical divisions, of capture production in FAO Major Area 47 (see below) for calendar years starting with 1975.
The data exclude production from marine aquaculture practices. The database does not contain statistics for marine mammals, miscellaneous aquatic animal products, and seaweeds.
Data include all quantities caught and landed for both food and feed purposes but exclude discards, live escapements or losses prior to landings. Catches of fish, crustaceans and molluscs are expressed in live weight, that is the nominal weight of the aquatic organisms at the time of capture. Data are given in tonnes (=1000 kg).","","","2024"
"05.2","8","In 2007, FAO and the Southeast Atlantic Fisheries Organization (SEAFO) prepared a joint proposal to revise the statistical divisions in FAO Fishing Area 47, with the purpose of establishing a common questionnaire, facilitate the reporting of catch data to both organizations, and obtain clearly separate data between catches taken inside and outside Exclusive Economic Zones (EEZs) of coastal states. The proposal was endorsed by the SEAFO Commission at its 4th Annual Meeting (Windhoek, Namibia, 8-11 October 2007).

Below is the list of the revised divisions. The map of new statistical divisions for Area 47 can be accessed through VIEW/SHOW METADATA/ATTACHMENTS from the main menu. Boundaries between coastal divisions (from 1.1 to 1.6, 2.1 and 2.2) remain unchanged but their offshore boundaries have been modified to match the EEZs of coastal states. Former oceanic divisions (3.0, 4.0, 5.0) have been replaced by SEAFO divisions (A.0, A.1, B.0, B.1, C.0, C.1, D.0, D.1).


47.1.1 Cape Palmeirinhas
47.1.2 Cape Salinas
47.1.3 Cunene
47.1.4 Cape Cross
47.1.5 Orange River
47.1.6 Cape of Good Hope
47.2.1 Middle Agulhas
47.2.2 Eastern Agulhas

47.A.0 SEAFO division
47.A.1 SEAFO division
47.B.0 SEAFO division
47.B.1 SEAFO division
47.C.0 SEAFO division
47.C.1 SEAFO division
47.D.0 SEAFO division
47.D.1 SEAFO division
Tuna catches are not allocated according to statistical divisions and are grouped together into a division named ""Tunas"" (47.0.0). Three other divisions, namely ""Western coastal, not known"" (47.1.9), ""Agulhas coastal, not known"" (47.2.9) and ""Not known"" (47.9.0), contain catches for which is not exactly known the statistical division.

Division 47.A.2 shown in the map covers the rectangle bounded by a line joining the following points 0°-20°W; 0°-10°W; 6°S-10°W; 6°S-20°W. This area is included in the SEAFO Convention Area but in the FAO global grid of Major Fishing Areas it belongs to Area 34 and not to Area 47. Catch statistics reported for this division would be included by FAO under Major Fishing Area 34.

Starting with 2007, data reported according to the revised divisions have been included in this database.","","","2024"
"05.3","8","Capture fisheries","","","2024"
"05.4","8","Capture fisheries refers to the hunting, collecting and gathering activities directed at removing or collecting live wild aquatic organisms. Data relate to nominal landings, converted into a live weight basis (wet weight for algae), of fish, crustaceans, molluscs, aquatic mammals, other aquatic animals, products (corals, pearls and sponges) and aquatic plants (seaweed and other algae) taken for commercial, industrial, recreational and subsistence purposes from inland waters, brackish and marine areas, including inshore, offshore and high seas marine fishing areas. Data include all quantities caught and landed for both food and feed purposes but exclude discards, live escapements or losses prior to landings. The flag of the fishing vessel performing the essential part of the fishing operation is used to assign nationality to catches, unless the wording of chartering and joint operation contracts indicates otherwise.

With reference to global capture production, fish, crustaceans, molluscs and all other aquatic organisms have been classified according to approximately 3700 commercial species items, further arranged within the 50 groups of species constituting the nine divisions of the FAO International Standard Statistical Classification of Aquatic Animals and Plants (ISSCAAP) on the basis of their taxonomic, ecological and economic characteristics. The taxonomic code descriptors are taken from the ""ASFIS list of species for fishery statistics purposes"" (version 2024). Please note that the list of species disseminated in these datasets might not adhere entirely to ASFIS (version 2024) due to differing publication schedules. More information about the ASFIS list and the ISSCAAP classification is available at https://www.fao.org/fishery/en/collection/asfis. 

Statistical concepts and standards related to fisheries and aquaculture statistics are available in the [Handbook of Fishery Statistics of the Coordinating Working Party on Fishery Statistics (CWP)](https://www.fao.org/cwp-on-fishery-statistics/handbook/en/).","","","2023"
"05.5","8","The list of countries and the geographical classification are primarily based on the UN ""[Standard country or area codes for statistical use](https://unstats.un.org/unsd/methodology/m49/)"".
Additional country classifications available in the released workspace of this dataset available in FishStatJ or online query panel are based on a variety of sources. Here below the main ones:

• [Least Developed Countries (LDC) (version 2024)](https://www.un.org/development/desa/dpad/wp-content/uploads/sites/45/publication/ldc_list.pdf)

• [Low-Income Food-Deficit Countries (LIFDCs) (2023 revision)](https://www.fao.org/countryprofiles/lifdc/en/)

• [Landlocked Developing Countries (LLDCs)](https://unctad.org/topic/landlocked-developing-countries/list-of-LLDCs)

• [Small Island Developing States (SIDS)](https://www.un.org/ohrlls/content/list-sids)

• [Net Food-Importing Developing Countries (NFIDC) (2024 revision)](https://docs.wto.org/dol2fe/Pages/SS/directdoc.aspx?filename=q:/G/AG/5R12.pdf&Open=True)

• [The classification of the World Bank by income (2025 revision)](https://datahelpdesk.worldbank.org/knowledgebase/articles/906519-world-bank-country-and-lending-groups)

The term “country"" or ""country or area” as used in the dataset also covers territories, cities and land areas, as well as provinces, districts, enclaves and other parts of territories or combinations of countries or areas such as economic or customs unions. Country or area names and designations are subject to nationally announced changes. Name changes announced recently may not have been incorporated in this dataset release but will be reflected in future ones. The designations employed and the presentation of material in this dataset do not imply the expression of any opinion whatsoever on the part of FAO concerning the legal or development status of any country, territory, city or area or of its authorities, or concerning the delimitation of its frontiers or boundaries.

Specific notes on geographical coverage: 

1) Information provided by Ukraine excludes statistical data concerning the Autonomous Republic of Crimea, the city of Sevastopol and the Donetsk, Luhansk, Kherson and Zaporizhzhia regions. The information is presented without prejudice to relevant UN General Assembly and UN Security Council resolutions, which reaffirm the territorial integrity of Ukraine. 

2) Information provided by the Russian Federation includes statistical data for the Autonomous Republic of Crimea and the city of Sevastopol, Ukraine, temporarily occupied by the Russian Federation.

3) Data for countries that belonged to the former Union of Soviet Socialist Republics (former USSR) are available as a single aggregate until 1991. 

4) For statistical purposes, the data for China do not include China, Hong Kong SAR, China, Macao SAR and Taiwan Province of China, which are presented separately. Therefore, “China” refers to China’s mainland only.

5) Detailed country or area notes are available inside the global fisheries and aquaculture production workspace in FishStatJ.","","","2023"
"05.6","8","From 1975 to 2023","1975-2023","1975-2023","2023"
"05.7","8","Not applicable","","","2024"
"06","8","Production of fish, crustaceans and molluscs are expressed in live weight, that is the nominal weight of the aquatic organisms at the time of harvest. Data are expressed in tonnes (=1000 kg).","","","2024"
"07","8","The annual period used is the calendar year (1 January-31 December), with the exceptions of capture data for some countries for which a split-year is used. Split-year data are shown under the calendar year in which the split-year ends.","","","2024"
"08.1","8","[Article I of the FAO Constitution](https://www.fao.org/3/x5584e/x5584e0i.htm) requires the Organization to collect, analyze, interpret and disseminate information relating to nutrition, food and agriculture (FAO, 1945).","","","2024"
"08.2","8","These statistics are drawn primarily from official data from countries and territories, who have primary responsibility for data collection. FAO collects data from countries annually through questionnaires specific to each dataset and each country. Data are complemented or replaced, when necessary, by data from other sources (e.g. regional fisheries management organizations and distant water fleets in exclusive economic zones) in accordance with the standards of the CWP.","","","2024"
"09.1","8","FAO data and statistics are produced in accordance with FAO Policy on Data Protection and the implementation modalities of FAO SDQAF Principle 4 on Data protection and Statistical Confidentiality.","","","2024"
"09.2","8","If any, confidential data are not disseminated by FAO as such. Suppressed confidential data are marked in the database with SDMX flag “Q - Missing value; suppress”.","","","2024"
"09.3","8","Not applicable","No aplica","Pas applicable","2024"
"10.1","8","FAO FishStat regional data releases follow a release calendar available publicly at the main FAO FishStat page at [https://www.fao.org/fishery/en/fishstat].
Regional capture production data for the most recent available year are disseminated annually in July.","","","2024"
"10.2","8","[Release calendar](https://www.fao.org/fishery/services/storage/fs/fishery/documents/fishstat/FishStatReleaseCalendar.pdf)","[Calendario de publicaciones](https://www.fao.org/fishery/services/storage/fs/fishery/documents/fishstat/FishStatReleaseCalendar.pdf)","[Calendrier de publication](https://www.fao.org/fishery/services/storage/fs/fishery/documents/fishstat/FishStatReleaseCalendar.pdf)","2024"
"10.3","8","This data domain is disseminated according to FAO's Open Data Licensing for Statistical Databases Policy, under the [Creative Commons Attribution 4.0 International license (CC-BY 4.0)](https://creativecommons.org/licenses/by/4.0/) and are subject to [FAO Statistical Database Terms of Use](https://www.fao.org/contact-us/terms/db-terms-of-use/en/].","","","2024"
"10.4","8","[https://creativecommons.org/licenses/by/4.0/](https://creativecommons.org/licenses/by/4.0/)","[https://creativecommons.org/licenses/by/4.0/](https://creativecommons.org/licenses/by/4.0/)","[https://creativecommons.org/licenses/by/4.0/](https://creativecommons.org/licenses/by/4.0/)","2024"
"11","8","Yearly","Anual","Annuel","2024"
"12.1","8","Not applicable","No aplica","Pas applicable","2024"
"12.2","8","Not applicable","No aplica","Pas applicable","2023"
"12.3","8","[SEAFO (Southeast Atlantic) capture production](https://www.fao.org/fishery/en/collection/seatl_capture)","","","2024"
"12.4","8","Not applicable","No aplica","Pas applicable","2024"
"12.5","8","This dataset can be consulted through different [tools and formats](https://www.fao.org/fishery/en/collection/seatl_capture)","","","2024"
"12.6","8","National reference metadata are submitted by some countries, but these are not yet disseminated by FAO. Information on the methodology followed is available in the Annex 2 ""Methodological notes and glossary"" of the [FAO Yearbook Fishery and Aquaculture Statistics](https://doi.org/10.4060/cd4312en)","","","2023"
"13.1","8","The main users are FAO analysts, other international organizations, ministries and government agencies, agro-industry, trade and professional associations, research institutes and universities, journalists and the general public. According to the 2023 FishStat database user consultation, researchers are the largest user group, accounting for almost 32 percent of total respondents, followed by students and educators (around 25 percent), while users from private companies represent a share of 15 percent. The objectives of these users vary, but fishery and aquaculture production statistics are especially useful for market management/monitoring, production forecasts and policy-making in the sector. FAO is not aware of unmet needs. Users are encouraged to contact the dataset owner for resolving more specific queries that are not addressed elsewhere in these metadata.","","","2024"
"13.2","8","The latest quality review is the FishStat database user consultation took place during July-December 2023. About 93 percent of returning users agreed that the FishStat database was adequate for their purpose. As for compliance of the data with the FAO SDQAF quality dimensions, the overall percentage of satisfied  responses was about 81 percent, while the percentage of fully satisfied users simultaneously across all the 5 quality dimensions was 53 percent. The percentage of fully satisfied users is defined as the share of respondents who selected “agree” or “strongly agree” simultaneously across all the different 5 SDQAF dimensions.","","","2024"
"13.3","8","The availability of official data reported by countries varies widely. Whenever national offices failed to report their annual fishery and aquaculture statistics in time for the dissemination of the dataset, FAO estimated the quantities  on the basis of other available information using approved methodologies in order to create a comprehensive global dataset. These estimates enable meaningful aggregates at the global, regional and national levels. 

In terms of species, FAO tries to collate and disseminate data at the most detailed level available. However, several countries still report their production by large groups of species. In these circumstances the data presented by individual species items may, in some cases, be underestimated. Therefore, when examining the statistics for a particular species, it should be noted that an unknown proportion of the production for that species might have been reported by the national office under the generic, family or order name of the species, or higher levels of aggregation such as “Marine water fishes NEI” or “Freshwater fishes NEI”. Consequently, species item totals may underestimate the real production of the individual species.","","","2024"
"14.1","8","The share of estimated/inputted data is about 5 percent referring to all years but raises to 27 percent when referring to 2023. Quality of the data varies according to the country, in particular in reference to the granularity of the detail by species.","","","2023"
"14.2","8","Not applicable","No aplica","Pas applicable","2024"
"14.3","8","Inputation rate: 27 percent in 2023.","","","2023"
"14.4","8","Countries regularly revise their official statistics for past periods. Estimates/imputations done by FAO might also be revised on the basis of more accurate information.","","","2024"
"14.5","8","When previously published data are revised, they are disseminated concurrently with the new data release. Therefore, users are advised to refrain from comparing data published in previous releases with the latest one.","","","2024"
"15.1","8","The deadline for submitting capture fisheries data to FAO is usually between 8 to 9 months after the end of the reference year. Data are then normally processed and disseminated within 9 months.","","","2024"
"15.2","8","The release is according to the schedule of the calendar.","","","2024"
"16.1","8","Data are mostly comparable between geographical areas, countries or regions. However it should be taken into account that the degree of comparability might be affected by the differences in methods and coverage of data collections between countries, except for regions where countries are bound by regulations mandating harmonized methods, such as European Union countries.","","","2024"
"16.2","8","For shorter time periods, reasonably good comparability over time can be expected. However, as the time series might be very long, full comparability over time cannot be expected. Detailed information on data variations and methodological changes is provided in the country notes, available in FishStatJ ""Global fisheries and aquaculture production"" workspace.","","","2024"
"16.3","8","FAO fisheries and aquaculture production statistics are the only global source of this kind and it is not possible to compare them with other data sources or statistical domains. Yet, the use of internationally recognised code lists such as the ""ASFIS list of species items"" and the FAO major fishing areas, help to ensure cross-domain coherence. Production, processed production and trade data have a high cross-domain coherence, as they are used as inputs in the food balance sheets, which serve as an additional validation of the data in a single supply and utilization framework.","","","2024"
"16.4","8","• [The FAO International Standard Statistical Classification for Aquatic Animals and Plants (ISSCAAP)](https://www.fao.org/fishery/static/ASFIS/ISSCAAP.pdf)

• [FAO ASFIS list](https://www.fao.org/fishery/en/collection/asfis)

• [FAO Major fishing areas for statistical purposes](https://www.fao.org/cwp-on-fishery-statistics/handbook/general-concepts/main-water-areas/en/)

• [UN ""STANDARD COUNTRY OR AREA CODES FOR STATISTICAL USE""](https://unstats.un.org/unsd/methodology/m49/)","","","2024"
"17.1","8","The main data source is official statistics from FAO member countries. The national data can originate from surveys, administrative databases and estimates based on expert observations. The type of source used by countries can significantly affect reliability and comparability of data. In nearly all cases where countries provide their official production data, these are recorded as reported. However, in the case of issues with the data received, FAO works with the countries to revise their data in order to ensure consistency of the disseminated data. Data are complemented or replaced, when necessary, by information derived from other sources (e.g. regional fisheries management organizations and distant water fleets in exclusive economic zones) in accordance with the standards of the CWP. When no official data are available, unofficial sources may be used. If neither official nor unofficial sources are available, data are imputed. In all cases, disseminated data are flagged accordingly.","","","2024"
"17.2","8","Yearly","Anual","Annuel","2024"
"17.3","8","FAO data collection is carried out through collaboration with country correspondents in Member States. The data collection process relies on annual production questionnaires (STATLANT 47A) sent to countries, as well as data from national publications and official country websites.","","","2024"
"17.4","8","Countries are responsible for transmitting data which have already been checked. Validation at FAO concerns any transmission errors and data consistency checks, as well as outlier detection in line with the [FAO statistical standard on data editing and validation of input data](https://www.fao.org/3/cb9341en/cb9341en.pdf) and cross check with data from regional fisheries management organizations for selected species. Other validations consist in assessing consistency over the time series, regularity of totals and partial components and correspondence between variables from different data sets. In the case of issues with the data received, FAO works with the countries to revise their data in order to ensure consistency of the disseminated data.","","","2024"
"17.5","8","FAO is responsible for compiling the data and generating aggregates.","","","2024"
"17.6","8","FAO produces global, regional and sub-regional aggregates, in line with the [FAO Statistical Standard Series on Data aggregation](https://www.fao.org/3/cc2918en/cc2918en.pdf).","","","2024"
"17.7","8","The country correspondents are responsible for the quality of data. FAO validates and eventually corrects country data in consultation with them.","","","2024"
"17.8","8","Imputations are made according to the [FAO Statistical Standard Series - Imputation (2023)](https://www.fao.org/3/cb9339en/cb9339en.pdf)","","","2024"
"18.1","8","FAO is responsible for the quality of internal statistical processes used to compile the published datasets. The [FAO Statistics and Data Quality Assurance Framework (SDQAF)](https://openknowledge.fao.org/items/01debb18-63b2-403b-87fe-0eca5409656e)  provides the necessary principles, guidelines and tools to carry out quality assessments. FAO is performing an internal bi-annual survey (FAO Quality Assessment and Planning Survey) designed to gather information on all of FAO’s statistical activities, notably to assess the extent to which quality standards are being implemented with a view to increasing compliance with the quality dimensions of SDQAF, documenting best practices and preparing quality improvement plans, where necessary. Domain-specific quality assurance activities are carried out systematically (e.g. quality reviews, self-assessments, compliance monitoring).","","","2024"
"18.2","8","The quality of FAO statistics is highly dependent upon the accuracy and reliability of the data collected and provided by countries. FAO strives to validate and ensure the quality of official data received by validating and cross checking them. FAO also works with countries to revise their data when appropriate to ensure consistency in the dissemination of official data. In the case of global capture fisheries production, data are complemented or replaced, when necessary, by data from other sources (e.g. regional fisheries management organizations and distant water fleets in exclusive economic zones) in accordance with the standards of the CWP.

According to the 2023 Quality Assessment and Planning Survey (QAPS) of FAO, global capture fisheries production data domain reported a quality score of 0.88. According to the QAPS a statistical output is considered of good quality when it reaches a quality score of 0.6 or above.","","","2024"
"19","8","Not applicable","No aplicable","Non applicable","2024"
"20","8","Not applicable","No aplicable","Non applicable","2024"
"01","12","Global aquatic trade - Metadata","Comercio mundial de productos acuáticos - Metadatos","Commerce mondial de produits aquatiques - Métadonnées","2024"
"02.1","12","Food and Agriculture Organization of the United Nations (FAO)","Organización de las Naciones Unidas para la Alimentación y la Agricultura (FAO)","Organisation des Nations Unies pour l'alimentation et l'agriculture (FAO)","2024"
"02.2","12","https://www.fao.org/fishery/en/collection/global_commodity_prod","https://www.fao.org/fishery/es/collection/global_commodity_prod","https://www.fao.org/fishery/fr/collection/global_commodity_prod","2024"
"03.1","12","Food and Agriculture Organization of the United Nations (FAO)","Organización de las Naciones Unidas para la Alimentación y la Agricultura (FAO)","Organisation des Nations Unies pour l'alimentation et l'agriculture (FAO)","2024"
"03.2","12","Statistics Team (NFISS) of the FAO Fisheries and Aquaculture Division (NFI)","Equipo de Estadísticas (NFISS) de la División de Pesca y Acuicultura (NFI)","Équipe des statistiques (NFISS) de la Division des pêches et de l'aquaculture (NFI)","2024"
"03.3","12","Viale delle Terme di Caracalla, 00153 Rome, Italy","Viale delle Terme di Caracalla, 00153 Roma, Italia","Viale delle Terme di Caracalla, 00153 Rome, Italie","2024"
"03.4","12","Fish-Statistics-Inquiries@fao.org","Fish-Statistics-Inquiries@fao.org","Fish-Statistics-Inquiries@fao.org","2024"
"04.1","12","30-06-25","30-06-25","30-06-25","2024"
"04.2","12","30-06-25","30-06-25","30-06-25","2024"
"05.1","12","This dataset covers annual international trade of aquatic products in volume and value terms from 1976. Data cover all aquatic products, including aquatic animal products (fish, crustaceans, molluscs, etc…), aquatic plants (seaweed and other algae), and other aquatic animals and products (shells, corals, pearls and sponges), with the exception of data on aquatic mammals, reptiles, amphibians, and turtles. 

The global aquatic trade data is collected and processed by FAO and refers to the volume and value of aquatic products imported, exported and re-exported annually by all the countries in the world.
Trade data is directly obtained, at the most detailed level, from United Nations Statistics Division (UNSD), Eurostat for European Union countries, and other national authorities as needed. When available, data on aquatic products landed abroad by domestic vessels is added. The data is checked for outliers. Non-reporting countries and missing cells are imputed by FAO mainly using trade partner data (i.e. mirror data) in the absence of other information.","Este conjunto de datos cubre el comercio internacional anual de productos acuáticos en términos de volumen y valor desde 1976. Los datos abarcan todos los productos acuáticos, incluidos los productos acuáticos de origen animal (pescados, crustáceos, moluscos, etc.), las plantas acuáticas (algas marinas y otras algas) y otros animales y productos acuáticos (conchas, corales, perlas y esponjas), excepto los datos sobre mamíferos acuáticos, reptiles, anfibios, o tortugas.

Los datos sobre el comercio mundial acuático son recopilados y procesados por la FAO y se refieren al volumen y valor de los productos acuáticos importados, exportados y reexportados anualmente por
todos los países del mundo. Los datos se obtienen directamente, a nivel arancelario, a través de la División de Estadística de las Naciones Unidas (UNSD), de Eurostat para los países de la Unión Europea y de otras autoridades nacionales según sea necesario. Cuando está disponible, se añaden datos sobre productos acuáticos desembarcados en el extranjero por embarcaciones nacionales. Los datos se verifican para detectar valores atípicos. Los países que no reportan datos y las celdas faltantes son imputados por la FAO utilizando principalmente datos de países socios (es decir, datos espejo) en ausencia de otra información.","Cette base de données couvre le commerce international annuel des produits aquatiques, en termes de volume et de valeur, depuis 1976. Les données incluent tous les produits aquatiques, y compris les produits d’origine animale (poissons, crustacés, mollusques, etc.), les plantes aquatiques (algues et autres), ainsi que d’autres animaux et produits aquatiques (coquillages, coraux, perles et éponges), à l’exception des données sur les mammifères aquatiques, les reptiles, les amphibiens, et les tortues.

Les données sur le commerce mondial des produits aquatiques sont collectées et traitées par la FAO. Elles se réfèrent au volume et à la valeur des produits aquatiques importés, exportés et réexportés chaque année par l’ensemble des pays du monde. Les données sont obtenues directement, au niveau tarifaire, auprès de la Division de statistique des Nations Unies (UNSD), d’Eurostat pour les pays de l’Union européenne, et d’autres autorités nationales si nécessaire. Lorsque disponibles, les données sur les produits aquatiques débarqués à l’étranger par des navires nationaux sont ajoutées. Les données sont vérifiées afin d’identifier les valeurs aberrantes. Pour les pays non déclarants, et pour les données manquantes, la FAO effectue des imputations en utilisant principalement les données des pays partenaires (données dites «miroirs») en l’absence d’autres sources.","2024"
"05.2","12","Imports, exports, and re-exports at country level, disaggregated by over 1000 aquatic products according to the International Standard Statistical Classification of Fishery Commodities (ISSCFC). The ISSCFC is an expansion of the United Nations Standard International Trade Classification, Revision 4 (SITC Rev.4) and is linked with the Harmonized System (HS) of the World Customs Organization. 

The scope of aquatic trade includes all tariff line codes (or Combined Nomenclature (CN) codes for European Union countries) starting with the following HS (or CN) codes: 03 (excluding 030760), 0508, 0509, 051191, 051199 only if there is a further breakdown related to aquatic products only, 12122, 130231, 1504, 1604, 1605 (excluding 160558), 210390 only if there is a further breakdown related to aquatic products, 230120, and 230990 only if there is a further breakdown related to aquatic products only.

Data is available for 225 reporting countries, territories and areas of the world based on the United Nations “Standard Country or Area Codes for Statistical Use” (https://unstats.un.org/unsd/methodology/m49/). From 2019 onward, the data is also disaggregated by partner country.","Las importaciones, exportaciones y reexportaciones a nivel de país están desagregadas por más de 1000 productos acuáticos según la Clasificación Estadística Internacional Estándar de Productos Pesqueros (ISSCFC). La ISSCFC es una ampliación de la Clasificación Uniforme para el Comercio Internacional de las Naciones Unidas, Revisión 4 (CUCI Rev.4) y está vinculada con el Sistema Armonizado (SA) de la Organización Mundial de Aduanas. 

El alcance del comercio acuático incluye todos los códigos arancelarios (o códigos de la Nomenclatura Combinada (NC) para los países de la Unión Europea) que comienzan con los siguientes códigos SA (o NC): 03 (excluyendo 030760), 0508, 0509, 051191, 051199 sólo si los datos presentan un desglose adicional del código relacionado con productos acuáticos, 12122, 130231, 1504, 1604, 1605 (excluyendo 160558), 210390 sólo si los datos presentan un desglose adicional del código relacionado con productos acuáticos, 230120, y 230990 sólo si los datos presentan un desglose adicional del código relacionado con productos acuáticos. 

Los datos están disponibles para 225 países, territorios y áreas del mundo, basados en la clasificación “Códigos estándar de países o áreas para uso estadístico” de las Naciones Unidas (https://unstats.un.org/unsd/methodology/m49/). A partir de 2019, los datos también están desagregados por país socio.","Les importations, exportations et réexportations au niveau des pays sont ventilées par plus de 1000 produits aquatiques selon la Classification Statistique Internationale Standard des Produits de la Pêche (ISSCFC). Le ISSCFC est une extension de la Classification Type, pour le Commerce Internationale, Quatrième version révisée 4 (CTCI Rév.4) des Nations Unies et est liée au Système Harmonisé (SH) de l’Organisation Mondiale des Douanes. 

Le périmètre du commerce aquatique inclut tous les codes des lignes tarifaires (ou les codes de la Nomenclature Combinée (NC) pour les pays de l’Union européenne) commençant par les codes SH (ou NC) suivants : 03 (à l’exclusion de 030760), 0508, 0509, 051191, 051199 uniquement si les données présentent une subdivision supplémentaire du code liée aux produits aquatiques, 12122, 130231, 1504, 1604, 1605 (à l’exclusion de 160558), 210390 uniquement si les données présentent une subdivision supplémentaire du code liée aux produits aquatiques, 230120, et 230990 uniquement si les données présentent une subdivision supplémentaire du code liée aux produits aquatiques. 

Les données sont disponibles pour 225 pays, territoires et zones du monde, selon la classification « Codes normalisés des pays ou zones à des fins statistiques » des Nations Unies (https://unstats.un.org/unsd/methodology/m49/). À partir de 2019, les données sont également ventilées par pays partenaire.","2024"
"05.3","12","Fisheries and aquaculture","Pesca y acuicultura","Pêches et aquaculture","2024"
"05.4","12","Data on trade of aquatic products are usually collected by national statistical authorities largely complying with the United Nations International Merchandise Trade Statistics (IMTS) Concepts and definitions (2010) which provides the global standard for compiling and reporting international trade in goods. It recommends that all goods which add to or subtract from the stock of material resources of a country, by entering (imports) or leaving (exports) its economic territory, be recorded in international merchandise trade statistics. In accordance with the internationally recommended practice, import statistics include aquatic species caught by foreign fishing craft, whether or not processed on board, landed in domestic ports. Similarly, export statistics include aquatic species caught by domestic fishing craft, whether or not processed on board, landed in foreign ports.

The IMTS also distinguishes between general trade and special trade systems, which differ mainly in the way warehoused and re-exported goods are recorded. More information can be found at: https://unstats.un.org/unsd/trade/eg-imts/IMTS%202010%20(English).pdf 

Information on the trade system applied by individual countries can be found in the UNSD publications notes: https://comtradeplus.un.org/PublicationNotes.","Los datos sobre el comercio de productos acuáticos suelen ser recopilados por las autoridades estadísticas nacionales, conforme a las normas de las Naciones Unidas definidas en el documento titulado Estadísticas internacionales de comercio de mercancías (IMTS) Conceptos y definiciones (2010) que proporciona el estándar global para compilar y reportar el comercio internacional de bienes. Recomienda que todos los bienes que aumentan o disminuyen el stock de recursos materiales de un país, al entrar (importaciones) o salir (exportaciones) de su territorio económico, sean registrados en las estadísticas del comercio internacional de mercancías. De acuerdo con la práctica internacionalmente recomendada, las estadísticas de importación incluyen especies acuáticas capturadas por embarcaciones pesqueras extranjeras, ya sea procesadas o no a bordo, desembarcadas en puertos nacionales. De manera similar, las estadísticas de exportación incluyen especies acuáticas capturadas por embarcaciones nacionales, ya sea procesadas o no a bordo, desembarcadas en puertos extranjeros.

El IMTS también distingue entre los sistemas de comercio general y comercio especial, que difieren principalmente en la forma en que se registran las mercancías almacenadas y las reexportaciones. Más información puede encontrarse en: https://unstats.un.org/unsd/trade/imts/eg-imts/IMTS%202010%20(Spanish).pdf

La información sobre el sistema de comercio aplicado por cada país está disponible en las notas de publicaciones de la UNSD: https://comtradeplus.un.org/PublicationNotes.","Les données sur le commerce des produits aquatiques sont généralement collectées par les autorités statistiques nationales, conformément aux normes des Nations Unies définies dans le document intitulé Statistiques du commerce international de marchandises (IMTS) Concepts et définitions (2010) qui fournit la norme mondiale pour la compilation et la publication des statistiques du commerce international des biens. Il est recommandé que tous les biens qui augmentent ou diminuent le stock des ressources matérielles d’un pays, en entrant (importations) ou en sortant (exportations) de son territoire économique, soient enregistrés dans les statistiques du commerce international de marchandises. Conformément à la pratique internationalement recommandée, les statistiques d’importation incluent les espèces aquatiques pêchées par des navires étrangers, qu’elles soient ou non transformées à bord, débarquées dans les ports nationaux. De même, les statistiques d’exportation incluent les espèces aquatiques pêchées par des navires nationaux, qu’elles soient ou non transformées à bord, débarquées dans des ports étrangers.

L’IMTS distingue également entre les systèmes de commerce général et de commerce spécial, qui diffèrent principalement par la manière dont sont enregistrées les marchandises entreposées et les réexportations. Plus d’informations sont disponibles à l’adresse suivante : https://unstats.un.org/unsd/trade/eg-imts/IMTS%202010%20(French).pdf

Des informations sur le système commercial appliqué par chaque pays peuvent être consultées dans les notes de publication de l’UNSD : https://comtradeplus.un.org/PublicationNotes.","2023"
"05.5","12","The list of countries and the geographical classification are primarily based on the UN ""Standard Country or Area Codes for Statistical use"" (https://unstats.un.org/unsd/methodology/m49/).

The term “country"" or ""country or area” as used in the dataset also covers territories, cities and land areas, as well as provinces, districts, enclaves and other parts of territories or combinations of countries or areas such as economic or customs unions. Country or area names and designations are subject to nationally announced changes. Name changes announced recently may not have been incorporated in this dataset release but will be reflected in future ones. The designations employed and the presentation of material in this dataset do not imply the expression of any opinion whatsoever on the part of FAO concerning the legal or development status of any country, territory, city or area or of its authorities, or concerning the delimitation of its frontiers or boundaries.","La lista de países y la clasificación geográfica se basan principalmente en el documento de la ONU «Códigos estándar de países o áreas para uso estadístico» (https://unstats.un.org/unsd/methodology/m49/).

El término «país» o «país o área» utilizado en el conjunto de datos también cubre territorios, ciudades y áreas terrestres, así como provincias, distritos, enclaves y otras partes de territorios o combinaciones de países o áreas tales como uniones económicas o aduaneras. Los nombres y designaciones de países o áreas están sujetos a cambios anunciados a nivel nacional. Los cambios recientes de nombre pueden no haberse incorporado en esta versión del conjunto de datos, pero se reflejarán en las futuras versiones. Las designaciones empleadas y la presentación del material en este conjunto de datos no implican en modo alguno la expresión de ninguna opinión por parte de la FAO respecto al estatus jurídico o de desarrollo de cualquier país, territorio, ciudad o área, ni de sus autoridades, ni respecto a la delimitación de sus fronteras.","La liste des pays et la classification géographique sont principalement basées sur la norme des Nations Unies « Codes standard des pays ou zones géographiques pour usage statistique » (https://unstats.un.org/unsd/methodology/m49/).

Le terme « pays » ou « pays ou zone » utilisé dans cet ensemble de données couvre également les territoires, villes et zones terrestres, ainsi que les provinces, districts, enclaves et autres parties de territoires ou des combinaisons de pays ou zones telles que les unions économiques ou douanières. Les noms et désignations des pays ou zones sont susceptibles d’évolutions annoncées au niveau national. Les changements récents de noms peuvent ne pas avoir été intégrés dans cette version du jeu de données, mais seront reflétés dans les versions futures. Les désignations employées et la présentation du contenu de ce jeu de données n’impliquent en aucun cas l’expression d’une quelconque opinion de la part de la FAO concernant le statut juridique ou de développement d’un pays, territoire, ville ou zone, ou de ses autorités, ni concernant la délimitation de ses frontières.","2023"
"05.6","12","Data aggregated for all partners is available from 1976 to 2023, while data disaggregated by partner is available from 2019 to 2023.","Los datos agregados para todos los socios están disponibles desde 1976 hasta 2023, mientras que los datos desagregados por socio están disponibles desde 2019 hasta 2023.","Les données agrégées pour l'ensemble des partenaires sont disponibles de 1976 à 2023, tandis que les données désagrégées par partenaire sont disponibles de 2019 à 2023.","2023"
"05.7","12","Not applicable","No aplicable","Non applicable","2024"
"06","12","Import, export and re-export quantities are expressed in metric tonnes (1000 kilograms) and refer to the net product weight, that is, the weight of the goods excluding any container and any liquid added for preservation or flavour.

Import, export, and re-export values are expressed in thousand US dollars. Export and re-export values are generally reported on a FOB (free on board) basis, meaning the value of the goods plus the value of the services performed to deliver the goods to the border of the exporting country. Import values are generally reported on a CIF (Cost Insurance and Freight) basis, which includes the value of the goods, plus the value of the services performed to deliver goods to the border of the exporting country, plus the value of the services performed to deliver the goods from the border of the exporting country to the border of the importing country. However, it should be noted that some countries or areas apply different valuation practices and may deviate from this standard approach. Detailed information on the valuation implemented by countries is available at the UNSD publication notes: https://comtradeplus.un.org/PublicationNotes.","Las cantidades de importación, exportación y reexportación se expresan en toneladas métricas (1000 kilogramos) y se refieren al peso neto del producto, es decir, el peso de las mercancías excluyendo cualquier envase o líquido añadido para su conservación o sabor.

Los valores de importación, exportación, y reexportación se expresan en miles de dólares estadounidenses. Los valores de exportación y reexportación se informan generalmente sobre una base FOB (Libre a Bordo), lo que significa el valor de las mercancías más el valor de los servicios realizados para entregar las mercancías hasta la frontera del país exportador. Los valores de importación se informan generalmente sobre una base CIF (Costo, Seguro y Flete), que incluye el valor de las mercancías, más el valor de los servicios realizados para llevar las mercancías hasta la frontera del país exportador, más el valor de los servicios realizados para transportar las mercancías desde la frontera del país exportador hasta la frontera del país importador. Sin embargo, debe tenerse en cuenta que algunos países o áreas aplican prácticas de valoración diferentes y pueden desviarse de este enfoque estándar. Información detallada sobre el tipo de valoración aplicado por los países está disponible en las notas de publicación de la UNSD: https://comtradeplus.un.org/PublicationNotes.","Les quantités importées, exportées et réexportées sont exprimées en tonnes métriques (1000 kilogrammes) et correspondent au poids net du produit, c’est-à-dire le poids des marchandises hors poids de tout contenant et tout liquide ajouté pour la conservation ou l’aromatisation.

Les valeurs d'importations, exportations, et réexportations sont exprimées en milliers de dollars américains. Les valeurs des exportations et réexportations sont généralement déclarées sur la base FAB (franco à bord), ce qui correspond à la valeur des marchandises augmentée de celle des services nécessaires pour les acheminer jusqu’à la frontière du pays exportateur. Les valeurs des importations sont généralement déclarées sur la base CAF (coût, assurance et fret), ce qui inclut la valeur des marchandises, celle des services pour les acheminer jusqu’à la frontière du pays exportateur, ainsi que celle des services nécessaires pour les transporter de cette frontière à celle du pays importateur. Toutefois, il convient de noter que certains pays ou territoires appliquent des pratiques d’évaluation différentes et peuvent s’écarter de cette approche standard. Des informations détaillées sur les méthodes d’évaluation utilisées par les pays sont disponibles dans les notes de publication de l’UNSD : https://comtradeplus.un.org/PublicationNotes.","2024"
"07","12","The annual period used is the calendar year (1 January - 31 December) except for the following countries which report data on a split-year basis as indicated:
AUSTRALIA - Year ending 30 June (up to 2002; from 1998 only imports), ESWATINI - Year beginning April (from 2002 to 2007), GAMBIA - Year ending 30 June (from 2002 to 2013), MICRONESIA - Year ending 30 September (up to 2001), NEW ZEALAND - Year ending 30 June (only 2002). 

Split-year data are shown under the calendar years in which the split-years end.","El período anual utilizado es el año calendario (1 de enero - 31 de diciembre), excepto para los países enumerados a continuación que reportan datos en base a un año partido:
AUSTRALIA - Año que termina el 30 de junio (hasta 2002; desde 1998 solo importaciones), ESWATINI - Año que comienza en abril (de 2002 a 2007), GAMBIA - Año que termina el 30 de junio (de 2002 a 2013), MICRONESIA - Año que termina el 30 de septiembre (hasta 2001), NUEVA ZELANDA - Año que termina el 30 de junio (solo 2002).

Los datos de los años partidos se muestran bajo los años calendario en los que terminan esos años partidos.","La période annuelle utilisée est l’année civile (du 1er janvier au 31 décembre), sauf pour les pays suivants listés ci-dessous qui déclarent leurs données sur une base d’année fractionnée:
AUSTRALIE – année se terminant le 30 juin (jusqu’en 2002 ; à partir de 1998, uniquement les importations), ESWATINI – année débutant en avril (de 2002 à 2007), GAMBIE – année se terminant le 30 juin (de 2002 à 2013), MICRONÉSIE – année se terminant le 30 septembre (jusqu’en 2001), NOUVELLE-ZÉLANDE – année se terminant le 30 juin (uniquement 2002).

Les données des années fractionnées sont présentées sous les années civiles correspondant à la fin de ces années fractionnées.","2024"
"08.1","12","Article I of the FAO Constitution requires the Organization to collect, analyze, interpret and disseminate information relating to nutrition, food and agriculture (FAO, 1945) [https://www.fao.org/3/x5584e/x5584e0i.htm].","El Artículo I de la Constitución de la FAO establece que la Organización debe recopilar, analizar, interpretar y difundir información relacionada con la nutrición, la alimentación y la agricultura (FAO, 1945) [https://www.fao.org/3/x5584e/x5584e0i.htm].","L'article I de la Constitution de la FAO prévoit que l'Organisation collecte, analyse, interprète et diffuse des informations relatives à la nutrition, à l'alimentation et à l'agriculture (FAO, 1945) [https://www.fao.org/3/x5584e/x5584e0i.htm].","2024"
"08.2","12","Countries and territories have primary responsibility for trade data collection. FAO sources trade data from UNSD, Eurostat, and other national authorities as needed. A Memorandum of Understanding (MoU) with the UNSD covers the implementation of the IMTS framework and a data exchange. In addition, a mutual agreement with Eurostat includes data sharing.","Los países y territorios tienen la responsabilidad principal de la recopilación de datos de comercio. La FAO obtiene los datos comerciales de la UNSD, Eurostat y otras autoridades nacionales según sea necesario. Un Memorando de Entendimiento (MoU) con la UNSD cubre la implementación del marco IMTS y el intercambio de datos. Además, un acuerdo mutuo con Eurostat incluye el intercambio de datos.","Les pays et territoires ont la responsabilité principale de la collecte des données de commerce. La FAO obtient les données de commerce auprès de l’UNSD, d’Eurostat et d’autres autorités nationales selon les besoins. Un protocole d’accord (MoU) avec l’UNSD couvre la mise en œuvre du cadre IMTS ainsi que l’échange de données. De plus, un accord mutuel avec Eurostat inclut le partage des données.","2024"
"09.1","12","FAO data and statistics are produced in accordance with FAO Policy on Data Protection and the implementation modalities of FAO SDQAF Principle 4 on Data protection and Statistical Confidentiality.","Los datos y estadísticas de la FAO se producen de acuerdo con la Política de Protección de Datos de la FAO y las modalidades de implementación del Principio 4 del SDQAF de la FAO sobre la protección de datos y confidencialidad estadística.","Les données et statistiques de la FAO sont produites conformément à la Politique de protection des données de la FAO et aux modalités de mise en œuvre du Principe 4 du SDQAF de la FAO concernant la protection des données et la confidentialité statistique.","2024"
"09.2","12","Data is disseminated according to the confidentiality recommendations formulated by the IMTS compiler manual. If any, confidential data are not disseminated by FAO as such.","Los datos se divulgan de acuerdo con las recomendaciones de confidencialidad formuladas en el manual del compilador del IMTS. En caso de existir, los datos confidenciales no son divulgados por la FAO tal cual.","Les données sont diffusées conformément aux recommandations de confidentialité formulées par le manuel du compilateur de l’IMTS. Le cas échéant, les données confidentielles ne sont pas diffusées telles quelles par la FAO.","2024"
"09.3","12","Not applicable","No aplicable","Non applicable","2024"
"10.1","12","FAO FishStat data releases follow a release calendar available publicly at the main FAO FishStat page at https://www.fao.org/fishery/en/fishstat.
Global aquatic trade data for the most recent available year are disseminated annually in July.","La publicación de datos FishStat de la FAO sigue un calendario de difusión disponible públicamente en la página principal de FishStat de la FAO en https://www.fao.org/fishery/en/fishstat. Los datos del comercio mundial de productos acuáticos para el año más reciente disponible se publican anualmente en julio.","La publication des données FishStat de la FAO suit un calendrier de diffusion accessible publiquement, disponible sur la page principale FishStat de la FAO à l’adresse https://www.fao.org/fishery/en/fishstat. Les données sur le commerce mondial de produits aquatiques pour l’année la plus récente disponible sont diffusées chaque année en juillet.","2024"
"10.2","12","https://www.fao.org/fishery/services/storage/fs/fishery/documents/fishstat/FishStatReleaseCalendar.pdf","https://www.fao.org/fishery/services/storage/fs/fishery/documents/fishstat/FishStatReleaseCalendar.pdf","https://www.fao.org/fishery/services/storage/fs/fishery/documents/fishstat/FishStatReleaseCalendar.pdf","2024"
"10.3","12","This data domain is disseminated according to FAO's Open Data Licensing for Statistical Databases Policy, under the [Creative Commons Attribution 4.0 International license (CC-BY 4.0)](https://creativecommons.org/licenses/by/4.0/) and are subject to [FAO Statistical Database Terms of Use](https://www.fao.org/contact-us/terms/db-terms-of-use/en/).

FAO declines all responsibility for errors or deficiencies in the database or software or in the documentation accompanying it, for program maintenance and upgrading as well as for any damage that may arise from them. FAO also declines any responsibility for updating the data and assumes no responsibility for errors and omissions in the data provided. Users are, however, kindly asked to report any errors or deficiencies in this product to FAO.","Este conjunto de datos se publica de acuerdo con la Política de Licencias de Datos Abiertos para Bases de Datos Estadísticas de la FAO, bajo la licencia Creative Commons Atribución 4.0 Internacional (CC-BY 4.0; https://creativecommons.org/licenses/by/4.0/) y está sujeto a los Términos de uso de bases de datos estadísticas de la FAO (https://www.fao.org/contact-us/terms/db-terms-of-use/es/).

La FAO declina toda responsabilidad respecto a los errores o deficiencias en la base de datos o los programas, o en la documentación que acompaña a estos, el mantenimiento y el mejoramiento del programa, así como respecto de cualquier daño que pueda derivarse de ellos. Asimismo, la FAO no se considerará responsable de la actualización de los datos y no asume ningún tipo de responsabilidad respecto a los errores u omisiones en los datos proporcionados. No obstante, se ruega a los usuarios que informen de los errores o deficiencias que hallen en este producto de la FAO.","Ce jeu de données est diffusé conformément à la politique de la FAO sur la licence ouverte pour les bases de données statistiques, sous la licence Creative Commons Attribution 4.0 Internationale (CC-BY 4.0 ; https://creativecommons.org/licenses/by/4.0/) et est soumis aux Conditions d’utilisation des bases de données statistiques de la FAO (https://www.fao.org/contact-us/terms/db-terms-of-use/fr/).

La FAO décline toute responsabilité pour les erreurs ou défauts dans les bases de données, les logiciels ou dans la documentation correspondante, pour l'entretien et l'évolution des programmes, ainsi que pour les dommages pouvant en résulter. La FAO décline également toute responsabilité quant à la mise à jour, les erreurs et omissions concernant les données. Les usagers sont cependant invités à signaler à la FAO d'éventuels défauts ou erreurs de ces programmes.","2024"
"10.4","12","https://creativecommons.org/licenses/by/4.0/","https://creativecommons.org/licenses/by/4.0/","https://creativecommons.org/licenses/by/4.0/","2024"
"11","12","Yearly","Anual","Annuel","2024"
"12.1","12","Not applicable","No aplicable","Non applicable","2024"
"12.2","12","[FAO Fishery and Aquaculture Statistical Yearbook](https://www.fao.org/cwp-on-fishery-statistics/handbook/tools-and-resources/list-of-fao-yearbooks-of-fishery-statistics/en/)","[FAO Anuario - Estadísticas de pesca y acuicultura](https://www.fao.org/cwp-on-fishery-statistics/handbook/tools-and-resources/list-of-fao-yearbooks-of-fishery-statistics/en/)","[FAO Annuaire - Statistiques des pêches et de l'aquaculture](https://www.fao.org/cwp-on-fishery-statistics/handbook/tools-and-resources/list-of-fao-yearbooks-of-fishery-statistics/en/)","2024"
"12.3","12","https://www.fao.org/fishery/en/collection/global_commodity_prod","https://www.fao.org/fishery/es/collection/global_commodity_prod","https://www.fao.org/fishery/fr/collection/global_commodity_prod","2024"
"12.4","12","Not applicable","No aplicable","Non applicable","2024"
"12.5","12","This dataset can be consulted through different tools and formats accessible at https://www.fao.org/fishery/en/collection/global_commodity_prod","Este conjunto de datos se puede consultar a través de diferentes herramientas y formatos accesibles en https://www.fao.org/fishery/es/collection/global_commodity_prod","Ce jeu de données peut être consulté via différents outils et formats accessibles à l’adresse suivante: https://www.fao.org/fishery/fr/collection/global_commodity_prod","2024"
"12.6","12","Information on the methodology followed is available in the Annex 2 “Methodological notes and glossary” of the FAO Yearbook Fishery and Aquaculture Statistics https://www.fao.org/fishery/en/publications?page=1&f=series%3D%22FAO%20Yearbook%20of%20Fishery%20and%20Aquaculture%20Statistics%22#search","La información sobre la metodología seguida está disponible en el Anexo 2 del Anuario FAO de Estadísticas de Pesca y Acuicultura https://www.fao.org/fishery/en/publications?page=1&f=series%3D%22FAO%20Yearbook%20of%20Fishery%20and%20Aquaculture%20Statistics%22#search","Les informations sur la méthodologie mise en oeuvre sont disponibles dans l’Annexe 2 de l’Annuaire FAO des statistiques sur la pêche et l’aquaculture https://www.fao.org/fishery/en/publications?page=1&f=series%3D%22FAO%20Yearbook%20of%20Fishery%20and%20Aquaculture%20Statistics%22#search","2024"
"13.1","12","The main users are FAO analysts, other international organizations, ministries and government agencies, agro-industry, trade and professional associations, research institutes and universities, journalists and the general public. According to the 2023 FishStat database user consultation, researchers are the largest user group, accounting for almost 32 percent of the total respondents, followed by students and educators, which accounted for around 25 percent of the overall respondents, while users from private companies represent a share of 15 percent. The objectives of these users vary, but aquatic trade statistics are especially useful for market monitoring, and policy-making in the sector. FAO is not aware of unmet needs. Users are encouraged to contact the dataset owner for resolving more specific queries that are not addressed elsewhere in these metadata.","Los principales usuarios son los analistas de la FAO, otras organizaciones internacionales, ministerios y agencias gubernamentales, la agroindustria, asociaciones comerciales y profesionales, institutos de investigación y universidades, periodistas y el público en general. Según la consulta a usuarios de la base de datos FishStat 2023, los investigadores constituyen el grupo de usuarios más grande, representando casi el 32 % del total de los encuestados, seguidos por estudiantes y educadores, que representaron alrededor del 25 % de los encuestados, mientras que los usuarios de empresas privadas representan una participación del 15 %. Los objetivos de estos usuarios varían, pero las estadísticas de comercio son especialmente útiles para el monitoreo de los mercados, y la elaboración de políticas en el sector. La FAO no tiene conocimiento de necesidades no satisfechas. Se recomienda a los usuarios a contactar el responsable del conjunto de datos para resolver consultas más específicas que no estén abordadas en estos metadatos.","Les principaux utilisateurs sont les analystes de la FAO, d’autres organisations internationales, les ministères et agences gouvernementales, l’agro-industrie, les associations commerciales et professionnelles, les instituts de recherche et les universités, les journalistes ainsi que le grand public. Selon la consultation des utilisateurs de la base de données FishStat 2023, les chercheurs constituent le groupe d’utilisateurs le plus important, représentant près de 32 % du total des répondants, suivis par les étudiants et enseignants, qui représentent environ 25 % des répondants, tandis que les utilisateurs issus d’entreprises privées représentent une part de 15 %. Les objectifs de ces utilisateurs varient, mais les statistiques de commerce sont particulièrement utiles pour le suivi des marchés, et l’élaboration des politiques dans le secteur. La FAO n’a pas connaissance de besoins non satisfaits. Les utilisateurs sont encouragés à contacter le responsable de cet ensemble de données pour toute question spécifique non traitée ailleurs dans ces métadonnées.","2024"
"13.2","12","The latest quality review is the FishStat database user consultation which took place during July-December 2023. About 93 percent of returning users agreed that the FishStat database was adequate for their purpose. As for compliance of the data with the FAO SDQAF quality dimensions, the overall percentage of satisfied responses was about 81 percent, while the percentage of fully satisfied users simultaneously across all the 5 quality dimensions was 53 percent. The percentage of fully satisfied users is defined as the share of respondents who selected “agree” or “strongly agree” simultaneously across all the different 5 SDQAF dimensions.","La última evaluación de calidad corresponde a la consulta a los usuarios de la base de datos FishStat que tuvo lugar entre julio y diciembre de 2023. Alrededor del 93 % de los usuarios habituales consideraron que la base de datos FishStat era adecuada para sus fines. En cuanto al cumplimiento de los datos con las dimensiones de calidad del SDQAF de la FAO, el porcentaje global de respuestas satisfechas fue de aproximadamente un 81 %, mientras que el porcentaje de usuarios completamente satisfechos simultáneamente en las 5 dimensiones de calidad fue del 53 %. El porcentaje de usuarios completamente satisfechos se define como la proporción de encuestados que seleccionaron “de acuerdo” o “totalmente de acuerdo” simultáneamente en las 5 diferentes dimensiones del SDQAF.","La dernière évaluation qualité correspond à la consultation des utilisateurs de la base de données FishStat qui s’est déroulée entre juillet et décembre 2023. Environ 93 % des utilisateurs réguliers ont jugé que la base de données FishStat répondait à leurs besoins. Concernant la conformité des données aux dimensions de qualité du SDQAF de la FAO, le pourcentage global de réponses satisfaites était d’environ 81 %, tandis que la part des utilisateurs entièrement satisfaits simultanément sur l’ensemble des 5 dimensions de qualité était de 53 %. Le pourcentage d’utilisateurs entièrement satisfaits est défini comme la proportion de répondants ayant sélectionné « d’accord » ou « tout à fait d’accord » simultanément pour les 5 dimensions différentes du SDQAF.","2024"
"13.3","12","The availability of official data reported by countries varies widely. Whenever national offices fail to report their aquatic trade data, FAO imputes it in order to create a comprehensive global dataset. These estimates enable meaningful aggregates at the global, regional and national levels. In 2023, 73 percent of all countries included in FAO Global aquatic trade dataset had reported their trade data, while the remaining 27 percent were non-reporting countries. The aquatic trade data of non-reporting countries get estimated by FAO mainly using trade partner information (i.e. mirror data), resulting in a comprehensive country coverage.","La disponibilidad de datos oficiales reportados por los países varía considerablemente. Cuando los datos sobre el comercio de productos acuáticos de un país no están disponibles, la FAO los imputa para crear un conjunto de datos global. Estas estimaciones permiten obtener agregados significativos a nivel mundial, regional y nacional. En 2023, el 73 por ceinto de todos los países incluidos en el conjunto de datos sobre el comercio acuático de la FAO habían reportado sus datos de comercio, mientras que el 27 por ciento restante correspondía a países que no reportaron. Los datos de comercio de los países no declarantes son estimados principalmente por la FAO utilizando la información de los socios comerciales (es decir, datos espejo), lo que da lugar a una cobertura integral de los países.","La disponibilité des données officielles déclarées par les pays varie considérablement. Lorsque les données sur le commerce des produits aquatiques d’un pays ne sont pas disponibles, la FAO les estime afin de créer un ensemble de données complet. Ces estimations permettent d’obtenir des agrégats pertinents aux niveaux mondial, régional et national. En 2023, 73 pour cent de l’ensemble des pays inclus dans le jeu de données sur le commerce des produits aquatiques de la FAO avaient déclaré leurs données de commerce, tandis que les 27 pour cent restants étaient des pays non déclarants. Les données de commerce des pays non déclarants sont principalement estimées par la FAO à partir des informations fournies par les partenaires commerciaux (c’est-à-dire les données miroir), ce qui permet une couverture complète des pays.","2024"
"14.1","12","The share of imputed data, including through mirroring, was about 2.3 percent of the total value of imports of aquatic products in 2023. Quality of the data varies according to the country, in particular in reference to the granularity of the detail by aquatic product.","La proporción de datos imputados, incluyendo a través del método espejo, fue de aproximadamente el 2,3 % del valor total de las importaciones de productos acuáticos en 2023. La calidad de los datos varía según el país, en particular en referencia al nivel de detalle por producto acuático.","La part des données imputées, y compris les données imputées par miroir, représentait environ 2,3% de la valeur totale des importations de produits aquatiques en 2023. La qualité des données varie selon les pays, en particulier en ce qui concerne le niveau de détail par produit aquatique.","2024"
"14.2","12","Not applicable","No aplicable","Non applicable","2024"
"14.3","12","Imputation rate (including mirror data): 2.3 percent in 2023.","Tasa de imputación (incluyendo datos espejo): 2,3 % en 2023.","Taux d’imputation (y compris les données miroir) : 2,3 % en 2023.","2023"
"14.4","12","If a country did not initially report its trade data and FAO had to impute it, those estimates are replaced with the country’s official data in the next data release. If a country that initially reported its trade data later issues significant revisions, the revised data are used to replace the previously published figures.","Si un país no reportó inicialmente sus datos de comercio y la FAO tuvo que imputarlos, esas estimaciones se reemplazan con los datos oficiales del país en la próxima publicación de datos. Si un país que inicialmente reportó sus datos comerciales emite revisiones significativas posteriormente, los datos revisados se utilizan para reemplazar las cifras publicadas anteriormente.","Si un pays n’a pas initialement communiqué ses données et que la FAO a dû les imputer, ces estimations sont remplacées par les données officielles du pays lors de la prochaine diffusion des données. Si un pays ayant initialement communiqué ses données publie par la suite des révisions significatives, les données révisées sont utilisées pour remplacer les chiffres publiés précédemment.","2023"
"14.5","12","Countries revise their official statistics regularly for past periods. FAO imputation may also be revised on the basis of more accurate information. When such revisions occur, historical data are revised accordingly. Therefore, users are advised to refrain from comparing data published in previous releases with the latest release.","Los países revisan regularmente sus estadísticas oficiales para períodos anteriores. Las imputaciones de la FAO también pueden ser revisadas con base en información más precisa. Cuando ocurren dichas revisiones, los datos históricos se actualizan en consecuencia. Por lo tanto, se recomienda a los usuarios no comparar los datos publicados en versiones anteriores con los de la última publicación.","Les pays révisent régulièrement leurs données pour des périodes passées. Les imputations de la FAO peuvent également être révisées sur la base d’informations plus précises. Lorsque de telles révisions ont lieu, les données historiques sont mises à jour en conséquence. Par conséquent, il est conseillé aux utilisateurs de ne pas comparer les données publiées dans les éditions précédentes avec celles de la dernière publication.","2023"
"15.1","12","Data are normally disseminated within 18 months after the reference year.","Los datos normalmente se publican dentro de los 18 meses posteriores al año de referencia.","Les données sont normalement diffusées dans les 18 mois suivant l’année de référence.","2024"
"15.2","12","The release is according to the schedule of the calendar.","La publicación se realiza según el calendario establecido.","La publication se fait selon le calendrier prévu.","2024"
"16.1","12","In general, data are broadly comparable across geographical areas, countries, and regions. However, differences in national data collection methods, and coverage may affect the degree of comparability, except for regions where countries are bound by regulations mandating harmonized methods, such as European Union countries. Discrepancies between total exports and total imports of a given product may be due to several factors, including the time lapse between the dispatch of goods from the exporting country and their arrival in the importing country; the use of a different classification of the same product by different countries; or variations in trade systems, with some countries reporting under the general trade system and others under the special trade system.","En general, los datos son ampliamente comparables entre áreas geográficas, países y regiones. Sin embargo, las diferencias en los métodos nacionales de recopilación de datos y en la cobertura pueden afectar el grado de comparabilidad, excepto en regiones donde los países están sujetos a regulaciones que exigen métodos armonizados, como es el caso de los países de la Unión Europea. Las discrepancias entre las exportaciones totales y las importaciones totales de un mismo producto pueden deberse a varios factores, incluidos el lapso de tiempo entre el despacho de las mercancías desde el país exportador y su llegada al país importador; el uso de diferentes clasificaciones para un mismo producto por distintos países; o variaciones en los sistemas comerciales, donde algunos países reportan bajo el sistema de comercio general y otros bajo el sistema de comercio especial.","En général, les données sont globalement comparables entre les zones géographiques, pays et régions. Cependant, les différences dans les méthodes nationales de collecte des données et la couverture peuvent affecter le degré de comparabilité, sauf dans les régions où les pays sont soumis à des réglementations imposant des méthodes harmonisées, comme c’est le cas dans les pays de l’Union Européenne. Les écarts entre les exportations totales et les importations totales d’un même produit peuvent s’expliquer par plusieurs facteurs, notamment le délai entre l’expédition des marchandises depuis le pays exportateur et leur arrivée dans le pays importateur ; l’utilisation par différents pays de classifications différentes pour un même produit ; ou les variations dans les systèmes commerciaux, certains pays rapportant selon le système de commerce général, d’autres selon le système de commerce spécial.","2024"
"16.2","12","Given the length of the time series, starting from 1976, full comparability across all years cannot be guaranteed. However, for shorter time periods, reasonably good comparability over time can be expected. Detailed information on data variations and methodological changes is provided in the country notes, available in the Global aquatic trade workspace in FishStatJ.","Dado que la serie temporal es larga, comenzando en 1976, no se puede garantizar una comparabilidad completa entre todos los años. Sin embargo, para períodos de tiempo más cortos, se puede esperar una comparabilidad razonablemente buena a lo largo del tiempo. La información detallada sobre las variaciones de los datos y los cambios metodológicos se proporciona en las notas por país, disponibles en el espacio de trabajo del comercio mundial de productos acuáticos en FishStatJ.","Compte tenu de la longueur de la série chronologique, qui commence en 1976, une comparabilité totale entre toutes les années ne peut être garantie. Pour des périodes plus courtes, une comparabilité raisonnablement bonne dans le temps peut être attendue.  Des informations détaillées sur les variations des données et les changements méthodologiques sont fournies dans les notes pays, disponibles dans l’espace de travail sur le commerce mondial de produits aquatiques dans FishStatJ.","2024"
"16.3","12","Cross-domain coherence: Aquatic trade data have a high cross-domain coherence, as they are used alongside primary and processed production in the compilation of food balance sheets. This integration within a single supply and utilization framework provides an additional validation of the data. Moreover, aquatic trade data are coherent with FAO crops and livestock trade data as they are based on the HS classification.

Internal coherence:  It is expected that the internal coherence is checked by countries before dissemination.","Coherencia entre conjuntos de datos: Los datos sobre el comercio de productos acuáticos presentan una alta coherencia entre dominios, ya que se utilizan junto con la producción primaria y procesada en la elaboración de los balances alimentarios. Esta integración dentro de un único marco de oferta y utilización proporciona una validación adicional de los datos. Además, los datos sobre el comercio de productos acuáticos son coherentes con los datos sobre el comercio de productos de cultivo y ganadería de la FAO, ya que se basan en la clasificación del Sistema Armonizado (SA).

Coherencia interna: Se espera que la coherencia interna sea verificada por los países antes de la difusión de los datos.","Cohérence inter-domaines : Les données sur le commerce des produits aquatiques présentent une forte cohérence inter-domaines, car elles sont utilisées conjointement avec les données de production primaire et de production transformée dans l’élaboration des bilans alimentaires. Cette intégration au sein d’un cadre unique d’offre et d’utilisation constitue une validation supplémentaire des données. De plus, les données sur le commerce des produits aquatiques sont cohérentes avec les données sur le commerce des cultures et de l’élevage de la FAO, car elles reposent sur la classification du Système Harmonisé (SH).

Cohérence interne : Il est attendu que la cohérence interne soit vérifiée par les pays avant la diffusion des données.","2024"
"16.4","12","For aquatic products: FAO International Standard Statistical Classification of Fishery Commodities (ISSCFC): https://openknowledge.fao.org/handle/20.500.14283/cd4224en. Data can also be expressed in a number of other classifications, including: 
HS (Version 2022) https://www.wcoomd.org/en/topics/nomenclature/instrument-and-tools/hs-nomenclature-2022-edition/hs-nomenclature-2022-edition.aspx
CPC (Version 2.1) https://unstats.un.org/unsd/classifications/unsdclassifications/cpcv21.pdf
SITC (Revision 4) https://unstats.un.org/unsd/trade/sitcrev4.htm
ISSCAAP https://www.fao.org/fishery/static/ASFIS/ISSCAAP.pdf


For geographical reporting and partner areas: UN ""Standard Country or Area Codes for Statistical Use"" https://unstats.un.org/unsd/methodology/m49/.
Additional country classifications are made available to users. Below are the main ones:
Least Developed Countries (LDC) (version 2024) https://www.un.org/development/desa/dpad/wp-content/uploads/sites/45/publication/ldc_list.pdf
Low-Income Food-Deficit Countries (LIFDCs) (2023 revision) https://www.fao.org/countryprofiles/lifdc/en/
Landlocked Developing Countries (LLDCs) https://unctad.org/topic/landlocked-developing-countries/list-of-LLDCs
Small Island Developing States (SIDS) https://www.un.org/ohrlls/content/list-sids
Net Food-Importing Developing Countries (NFIDC) (2024 revision) https://docs.wto.org/dol2fe/Pages/SS/directdoc.aspx?filename=q:/G/AG/5R12.pdf&Open=True
The classification of the World Bank by income (2025 revision) https://datahelpdesk.worldbank.org/knowledgebase/articles/906519-world-bank-country-and-lending-groups


For observation status codes (flag): ""FAO Statistical Standard Series Observation Status Code List"" available at https://www.fao.org/statistics/data-and-statistical-standard-series/en. The flags used are aligned with the SDMX standard and are listed below along with their descriptions:
"" A "" = Official value (previously displayed without any symbol associated);
"" B "" = Time series break;
"" E "" = Estimated value;
"" F "" = Forecast value;
"" G "" = Experimental value;
"" I "" = Value imputed by a receiving agency (FAO) (previously displayed as "" E "");
"" P "" = Provisional value;
"" S "" = Strike and other special events;
"" U "" = Low reliability;
"" V "" = Unvalidated value;
"" X "" = Value from international/mandated organization;
Flags associated to value "" 0 "":
"" L "" = Missing value; data exist but were not collected;
"" M "" = Missing value; data cannot exist.
"" N "" = Not significant (more than zero but less than half the unit used );
"" O "" = Missing value; cannot be determined;
"" Q "" = Missing value; suppressed;

Mirror statistics, which are the data derived from the other reporting countries’ data, are flagged as X since 2019, while for older years they are flagged as I.","Para productos acuáticos: Clasificación estadística internacional estándar de productos pesqueros de la FAO (ISSCFC): https://openknowledge.fao.org/handle/20.500.14283/cd4224en. Los datos también pueden expresarse en otras clasificaciones, incluyendo:
SA (Versión 2022) https://www.wcoomd.org/en/topics/nomenclature/instrument-and-tools/hs-nomenclature-2022-edition/hs-nomenclature-2022-edition.aspx
CPC (Versión 2.1) https://unstats.un.org/unsd/classifications/unsdclassifications/cpcv21.pdf
CUCI (Revisión 4) https://unstats.un.org/unsd/trade/sitcrev4.htm
CEIUAPA https://www.fao.org/fishery/static/ASFIS/ISSCAAP.pdf


Para los países y áreas geográficas: ONU ""Códigos estándar de países o áreas para uso estadístico"" https://unstats.un.org/unsd/methodology/m49/.
Se ponen a disposición de los usuarios clasificaciones adicionales de países, incluyendo:
Países Menos Adelantados (PMA) (versión 2024) https://www.un.org/development/desa/dpad/wp-content/uploads/sites/45/publication/ldc_list.pdf
Países de bajos ingresos y con déficit de alimentos (PBIDA) (revisión 2023) https://www.fao.org/countryprofiles/lifdc/en/
Países en desarrollo sin litoral (PDSL) https://unctad.org/topic/landlocked-developing-countries/list-of-LLDCs
Pequeños Estados Insulares en Desarrollo (PEID) https://www.un.org/ohrlls/content/list-sids
Países en desarrollo importadores netos de alimentos (PDINA) (revisión 2024) https://docs.wto.org/dol2fe/Pages/SS/directdoc.aspx?filename=q:/G/AG/5R12.pdf&Open=True
Clasificación del Banco Mundial por nivel de ingresos (revisión 2025) https://datahelpdesk.worldbank.org/knowledgebase/articles/906519-world-bank-country-and-lending-groups


Para los símbolos de estado de las observaciones: FAO Statistical Standard Series – Observation Status Code List disponible en https://www.fao.org/statistics/data-and-statistical-standard-series/en.
Los símbolos utilizados están alineados con el estándar SDMX y se enumeran a continuación junto con su descripción:
"" A "" = Cifra oficial (anteriormente mostrado sin ningún símbolo asociado);
"" B "" = Interrupción de la serie cronológica;
"" E "" = Valor estimado;
"" F "" = Valor previsto;
"" G "" = Valor experimental;
"" I "" = Valor imputado por la agencia receptora (FAO) (anteriormente mostrado como "" E "");
"" P "" = Valor provisional;
"" S "" = Huelga y otros eventos especiales;
"" U "" = Baja confiabilidad;
"" V "" = Valor no validado;
"" X "" = Cifra de fuentes internacionales.
Símbolos asociados al valor "" 0 "":
"" L "" = Valor ausente (los datos existen pero no fueron recopilados);
"" M "" = Valor ausente (los datos no pueden existir, no aplicable);
"" N "" = No significativo (más de cero pero inferior a la mitad de la unidad empleada);
"" O "" = Valor ausente, no se puede determinar;
"" Q "" = Valor ausente; suprimido.

Las estadísticas espejo, que son los datos derivados de los datos de países socios, se marcan como X desde 2019, mientras que para los años más antiguos se marcan como I.","Pour les produits aquatiques : Classification Statistique Internationale Standard des Produits de la Pêche (ISSCFC) de la FAO : https://openknowledge.fao.org/handle/20.500.14283/cd4224en. Les données peuvent également être exprimées selon plusieurs autres classifications, y compris: 
SH (Version 2022) https://www.wcoomd.org/en/topics/nomenclature/instrument-and-tools/hs-nomenclature-2022-edition/hs-nomenclature-2022-edition.aspx
CPC (Version 2.1) https://unstats.un.org/unsd/classifications/unsdclassifications/cpcv21.pdf
CTCI (Révision 4) https://unstats.un.org/unsd/trade/sitcrev4.htm
CSITAPA https://www.fao.org/fishery/static/ASFIS/ISSCAAP.pdf


Pour les pays et zones géographique : UN ""Standard Country or Area Codes for Statistical Use"" https://unstats.un.org/unsd/methodology/m49/.
D’autres classifications de pays sont mises à la disposition des utilisateurs. Voici les principales :
Pays les moins avancés (PMA) (version 2024) https://www.un.org/development/desa/dpad/wp-content/uploads/sites/45/publication/ldc_list.pdf
Pays à faible revenu et à déficit vivrier (PFRDV) (révision 2023) https://www.fao.org/countryprofiles/lifdc/en/
Pays en développement sans littoral (PDSL) https://unctad.org/topic/landlocked-developing-countries/list-of-LLDCs
Petits États insulaires en développement (PEID) https://www.un.org/ohrlls/content/list-sids
Pays en développement importateurs nets de produits alimentaires (PDINPA) (révision 2024)
https://docs.wto.org/dol2fe/Pages/SS/directdoc.aspx?filename=q:/G/AG/5R12.pdf&Open=True
Classification de la Banque mondiale par niveau de revenu (révision 2025)
https://datahelpdesk.worldbank.org/knowledgebase/articles/906519-world-bank-country-and-lending-groups


Pour les symboles sur l'état des observations: FAO Statistical Standard Series – Observation Status Code List disponible à https://www.fao.org/statistics/data-and-statistical-standard-series/en.
Les symboles sont conformes à la norme SDMX et sont listés ci-dessous avec leur description.
Les symboles utilisés sont alignés sur le standard SDMX et sont listés ci-dessous avec leur description: 
"" A "" = Donnée officielle (précédemment présenté sans signe associé);
"" B "" = Rupture dans les séries chronologiques;
"" E "" = Valeur estimée;
"" F "" = Valeur prévue;
"" G "" = Valeur expérimentale;
"" I "" = Valeur imputée par l'organisme récepteur (FAO) (précédemment présenté comme "" E "");
"" P "" = Valeur provisoire;
"" S "" = Grève et autres événements spéciaux;
"" U "" = Faible fiabilité;
"" V "" = Valeur non validée;
"" X "" = Valeur issue de sources internationales;
Signe associé à la valeur "" 0 "":
"" L "" = Valeur manquante (les données existent mais n'ont pas été collectées);
"" M "" = Valeur manquante (les données ne peuvent exister, sans objet);
"" N "" = Insignifiant (quantité supérieure à zéro, mais inférieure à la moitié de l'unité utilisée);
"" O "" = Valeur manquante, ne peut pas être déterminée;
"" Q "" = Valeur manquante; supprimée.

Les statistiques miroir, qui sont les données dérivées des données des autres pays déclarants, sont marquées par X depuis 2019, tandis que pour les années plus anciennes, elles sont marquées par I.","2024"
"17.1","12","The main source of data is official country statistics compiled by UNSD (Comtrade) and Eurostat. These data are collected by FAO at the most detailed level as possible (tariff line for Comtrade and Combined Nomenclature for Eurostat). The national detail is then mapped to the ISSCFC of FAO. The source of national data can originate from surveys, administrative data, customs agencies and estimates based on expert observations. Additional sources include national web databases and national or international publications, which are used particularly to update data on landings abroad, information that is sometimes excluded from commercial trade records and therefore not always captured in UNSD data.
A limited number of countries also provide data through the FAO questionnaire (FISHSTAT FTR), which is sent annually by email to national reporting offices. In cases where no official data are available, values are imputed primarily using trade partner (mirror) data. All such instances are clearly indicated using conventional flags.","La principal fuente de datos son las estadísticas oficiales de los países compiladas por UNSD (Comtrade) y Eurostat. Estos datos son recopilados por la FAO con el mayor nivel de detalle posible (línea arancelaria para Comtrade y Nomenclatura Combinada para Eurostat). El detalle nacional se asigna a la clasificación ISSCFC de la FAO. La fuente de los datos nacionales puede originarse en encuestas, datos administrativos, agencias aduaneras o estimaciones basadas en observaciones de expertos. Fuentes adicionales incluyen bases de datos nacionales en línea y publicaciones nacionales o internacionales, que se utilizan especialmente para actualizar los datos sobre desembarques en el extranjero, información que a veces se excluye de los registros comerciales y por lo tanto no siempre está presente en los datos de UNSD. 
Un número limitado de países también proporciona datos a través del cuestionario de la FAO (FISHSTAT FTR), que se envía anualmente por correo electrónico a las oficinas nacionales informantes. En los casos en que no hay datos oficiales disponibles, los valores se imputan principalmente utilizando datos de socios comerciales (datos espejo). Todos estos casos están claramente indicados mediante símbolos convencionales.","La principale source de données est constituée par les statistiques officielles des pays compilées par l’UNSD (Comtrade) et Eurostat. Ces données sont recueillies par la FAO au niveau de détail le plus fin possible (ligne tarifaire pour Comtrade et Nomenclature Combinée pour Eurostat). Le niveau de détail national est ensuite associé à la classification ISSCFC de la FAO. La source des données nationales peut provenir d’enquêtes, de données administratives, des douanes ou d’estimations basées sur des observations d’experts. D’autres sources incluent des bases de données nationales accessibles en ligne ainsi que des publications nationales ou internationales, utilisées notamment pour mettre à jour les données sur les débarquements à l’étranger, informations parfois exclues des enregistrements commerciaux et donc pas toujours présentes dans les données de l’UNSD. 
Certains pays fournissent des données via le questionnaire FAO (FISHSTAT FTR), envoyé annuellement par courriel, à un nombre limité de pays. En l’absence de données officielles, les valeurs sont imputées principalement à partir des données des partenaires commerciaux (données miroir). Tous ces cas sont clairement indiqués via des symboles conventionnels.","2024"
"17.2","12","Yearly","Anual","Annuel","2024"
"17.3","12","Aquatic trade data, at tariff line level, is retrieved through APIs provided by UNSD and EUROSTAT.","Los datos sobre el comercio de productos acuáticos, a nivel de líneas arancelarias, se obtienen a través de las API proporcionadas por UNSD y EUROSTAT.","Les données sur le commerce des produits aquatiques, au niveau des lignes tarifaires, sont obtenues via les API fournies par l’UNSD et EUROSTAT.","2024"
"17.4","12","The data received at the tariff line level are aggregated at the reporting country, partner country, flow, year and tariff line levels. Products are mapped from the HS classification to the ISSCFC. Missing quantities are imputed using information on the unit value from the closest donor. Outliers are detected and corrected using multiple techniques in compliance with the FAO Standards on Data Editing and Validation (https://openknowledge.fao.org/server/api/core/bitstreams/6b13757e-d7d0-48ec-aa8c-1923f35eeb7a/content). Data consistency checks are performed against historical data and primary production data, and non-reporting countries data are imputed through mirroring.","Los datos recibidos a nivel de línea arancelaria se agregan según país declarante, país socio, flujo, año y producto. Los productos se asignan de la clasificación SA a la CEIUAPA. Las cantidades faltantes se imputan utilizando la información del valor medio del donante más cercano. Los valores atípicos se detectan y corrigen mediante múltiples técnicas en cumplimiento con las Normas FAO sobre edición y validación de datos (https://openknowledge.fao.org/server/api/core/bitstreams/6b13757e-d7d0-48ec-aa8c-1923f35eeb7a/content). Se realizan verificaciones de consistencia de los datos con respecto a datos históricos y de producción primaria, y los datos de países que no reportan se imputan mediante los datos de los socios.","Les données reçues au niveau des lignes tarifaires sont agrégées par pays déclarant, pays partenaire, type de flux, année et ligne tarifaire. Les produits sont mappés de la classification SH vers le CSITAPA. Les quantités manquantes sont imputées à partir des informations de valeur moyenne du donneur le plus proche. Les valeurs aberrantes sont détectées et corrigées en utilisant plusieurs techniques, conformément aux Normes FAO sur l’édition et la validation des données
(https://openknowledge.fao.org/server/api/core/bitstreams/6b13757e-d7d0-48ec-aa8c-1923f35eeb7a/content). Des contrôles de cohérence des données sont effectués par rapport aux données historiques et aux données de production primaire, et les données des pays non déclarants sont imputées par mirroring.","2024"
"17.5","12","FAO is responsible for compiling the data and generating aggregates.","La FAO es responsable de compilar los datos y generar los agregados.","La FAO est responsable de la compilation des données et de la génération des agrégats.","2024"
"17.6","12","FAO produces global, regional and sub-regional aggregates, in line with the FAO Statistical Standard Series on Data aggregation (available at https://www.fao.org/3/cc2918en/cc2918en.pdf).","La FAO produce agregados globales, regionales y subregionales, de acuerdo con la Serie de Normas Estadísticas de la FAO sobre agregación de datos (disponible en https://www.fao.org/3/cc2918en/cc2918en.pdf).","La FAO produit des agrégats mondiaux, régionaux et infrarégionaux, conformément à la Série de normes statistiques de la FAO sur l’agrégation des données (disponible sur https://www.fao.org/3/cc2918en/cc2918en.pdf).","2024"
"17.7","12","Countries are responsible for the quality of the data they report. FAO reviews and validates the data and, when necessary, applies corrections.","Los países son responsables de la calidad de los datos que publican. La FAO revisa y valida los datos y, cuando es necesario, aplica correcciones.","Les pays sont responsables de la qualité des données qu’ils publient. La FAO examine et valide ces données et, si nécessaire, effectue des corrections.","2024"
"17.8","12","Imputations are made according to the FAO Statistical Standard Series - Imputation (2019) (available at https://www.fao.org/3/cb9339en/cb9339en.pdf)","Las imputaciones se realizan conforme a la Serie de Normas Estadísticas de la FAO - Imputación (2019) (disponible en https://www.fao.org/3/cb9339en/cb9339en.pdf).","Les imputations sont réalisées conformément à la Série de Normes Statistiques de la FAO - Imputation (2019) (disponible sur https://www.fao.org/3/cb9339en/cb9339en.pdf).","2024"
"18.1","12","FAO is responsible for the quality of the internal statistical processes used to compile the published datasets. The FAO Statistics and Data Quality Assurance Framework (SDQAF), available at: https://openknowledge.fao.org/items/01debb18-63b2-403b-87fe-0eca5409656e, provides the necessary principles, guidelines and tools to carry out quality assessments. FAO is performing an internal bi-annual survey (FAO Quality Assessment and Planning Survey) designed to gather information on all of FAO’s statistical activities, notably to assess the extent to which quality standards are being implemented with a view to increasing compliance with the quality dimensions of SDQAF, documenting best practices and prepare quality improvement plans, where necessary. Domain-specific quality assurance activities are carried out systematically (e.g. quality reviews, self-assessments, compliance monitoring).","La FAO es responsable de la calidad de los procesos estadísticos internos utilizados para compilar los conjuntos de datos publicados. El Marco de Estadísticas y Aseguramiento de la Calidad de los Datos de la FAO (SDQAF), disponible en: https://openknowledge.fao.org/items/01debb18-63b2-403b-87fe-0eca5409656e, proporciona los principios, directrices y herramientas necesarias para llevar a cabo evaluaciones de calidad. La FAO realiza una encuesta interna cada dos años (Encuesta de Evaluación y Planificación de la Calidad de la FAO) diseñada para recopilar información sobre todas las actividades estadísticas de la FAO, especialmente para evaluar en qué medida se están implementando los estándares de calidad, con el fin de aumentar el cumplimiento de las dimensiones de calidad del SDQAF, documentar las mejores prácticas y preparar planes de mejora de la calidad, cuando sea necesario. Las actividades de aseguramiento de la calidad específicas del dominio se llevan a cabo de forma sistemática (por ejemplo, revisiones de calidad, autoevaluaciones, monitoreo de cumplimiento).","La FAO est responsable de la qualité des processus statistiques internes utilisés pour compiler les ensembles de données publiés. Le Cadre de Statistiques et d’Assurance Qualité des Données de la FAO (SDQAF), disponible à l’adresse : https://openknowledge.fao.org/items/01debb18-63b2-403b-87fe-0eca5409656e, fournit les principes, lignes directrices et outils nécessaires pour réaliser des évaluations de qualité. La FAO réalise une enquête interne tous les deux ans (Enquête d’Évaluation et de Planification de la Qualité de la FAO) conçue pour recueillir des informations sur toutes les activités statistiques de la FAO, notamment pour évaluer dans quelle mesure les normes de qualité sont mises en œuvre, dans le but d’accroître la conformité aux dimensions de qualité du SDQAF, de documenter les meilleures pratiques et de préparer des plans d’amélioration de la qualité, si nécessaire. Des activités d’assurance qualité spécifiques au domaine sont menées systématiquement (par exemple, revues de qualité, autoévaluations, suivi de conformité).","2024"
"18.2","12","The quality of the FAO statistics is highly dependent upon the accuracy and reliability of the data collected and provided by countries. FAO strives to validate and ensure the quality of the official data received by validating and cross checking them. FAO also works with countries to revise their data when appropriate to ensure consistency in the dissemination of official data.

According to the 2023 Quality Assessment and Planning Survey (QAPS) of FAO, aquatic trade data domain reported a quality score of 0.91. According to the QAPS a statistical output is considered of good quality when it reaches a quality score of 0.6 or above.","La calidad de las estadísticas de la FAO depende en gran medida de la exactitud y fiabilidad de los datos recogidos y proporcionados por los países. La FAO se esfuerza por validar y garantizar la calidad de los datos oficiales recibidos, validándolos y verificándolos de manera cruzada. La FAO también trabaja con los países para revisar sus datos cuando sea apropiado, con el fin de asegurar la coherencia en la difusión de los datos oficiales.

Según la Encuesta de Evaluación y Planificación de la Calidad (QAPS) 2023 de la FAO, el dominio de datos sobre el comercio acuático reportó una puntuación de calidad de 0,91. De acuerdo con la QAPS, un producto estadístico se considera de buena calidad cuando alcanza una puntuación de calidad de 0,6 o superior.","La qualité des statistiques de la FAO dépend fortement de la précision et de la fiabilité des données collectées et fournies par les pays. La FAO s’efforce de valider et d’assurer la qualité des données officielles reçues en les vérifiant et en les recoupant. La FAO collabore également avec les pays pour réviser leurs données lorsque cela est approprié afin de garantir la cohérence dans la diffusion des données officielles.

Selon l’Enquête 2023 d’Évaluation et de Planification de la Qualité (QAPS) de la FAO, le domaine des données sur le commerce aquatique a obtenu un score de qualité de 0,91. Selon cette enquête, une production statistique est considérée de bonne qualité lorsqu’elle atteint un score de qualité de 0,6 ou plus.","2024"
"19","12","Not applicable","No aplicable","Non applicable","2024"
"20","12","Data for countries that belonged to the former Union of Soviet Socialist Republics (former USSR) are available as a single aggregate until 1991. 

For statistical purposes, the data for the People's Republic of China do not include China, Hong Kong SAR, China, Macao SAR and Taiwan Province of China, which are presented separately. Therefore, “China” refers to China’s mainland only. 

Detailed country or area notes are available inside the global aquatic trade workspace in FishStatJ.","Los datos correspondientes a los países que formaban parte de la antigua Unión de Repúblicas Socialistas Soviéticas (antigua URSS) están disponibles como un agregado único hasta 1991. 

Con fines estadísticos, los datos de la República Popular China no incluyen China, RAE de Hong Kong, China, RAE de Macao ni la provincia de Taiwán de China, los cuales se presentan por separado. Por lo tanto, “China” se refiere únicamente a la parte continental de China. 

Notas detalladas por país o zona están disponibles en el espacio de trabajo global del comercio acuático en FishStatJ.","Les données relatives aux pays ayant appartenu à l’ancienne Union des Républiques Socialistes Soviétiques (ancienne URSS) sont disponibles sous forme agrégée jusqu’en 1991. 

À des fins statistiques, les données relatives à la la République populaire de Chine n’incluent pas la Chine, RAS de Hong Kong, la Chine, RAS de Macao, ni la province de Taïwan (Chine), qui sont présentées séparément. Par conséquent, « Chine » fait uniquement référence à la Chine continentale. 

Des notes détaillées par pays ou zone sont disponibles dans l’espace de travail mondial sur le commerce aquatique dans FishStatJ.","2024"
"01","13","Global aquatic processed production - Metadata","Producción mundial de productos acuáticos transformados - Metadata","Production mondiale de produits aquatiques transformés - Metadata","2024"
"02.1","13","Food and Agriculture Organization of the United Nations (FAO)","Organización de las Naciones Unidas para la Alimentación y la Agricultura (FAO)","Organisation des Nations Unies pour l'alimentation et l'agriculture (FAO)","2024"
"02.2","13","https://www.fao.org/fishery/en/collection/global_pp","https://www.fao.org/fishery/es/collection/global_pp","https://www.fao.org/fishery/fr/collection/global_pp","2024"
"03.1","13","Food and Agriculture Organization of the United Nations (FAO)","Organización de las Naciones Unidas para la Alimentación y la Agricultura (FAO)","Organisation des Nations Unies pour l'alimentation et l'agriculture (FAO)","2024"
"03.2","13","Statistics Team (NFISS) of the FAO Fisheries and Aquaculture Division (NFI)","Equipo de Estadísticas (NFISS) de la División de Pesca y Acuicultura (NFI)","Équipe des statistiques (NFISS) de la Division des pêches et de l'aquaculture (NFI)","2024"
"03.3","13","Viale delle Terme di Caracalla, 00153 Rome, Italy","Viale delle Terme di Caracalla, 00153 Roma, Italia","Viale delle Terme di Caracalla, 00153 Rome, Italie","2024"
"03.4","13","Fish-Statistics-Inquiries@fao.org","Fish-Statistics-Inquiries@fao.org","Fish-Statistics-Inquiries@fao.org","2024"
"04.1","13","20-07-25","20-07-25","20-07-25","2024"
"04.2","13","20-07-25","20-07-25","20-07-25","2024"
"05.1","13","This dataset covers annual production of processed and preserved fishery and aquaculture products in volume from 1976 by country or area and product. 

This dataset focuses exclusively on products that have been processed. Examples include filleted, canned, smoked, salted, dried, frozen, reduced to fishmeal and fish oil, or other forms of processing. Products such as live fish, crustacean, and mollusc or unprocessed whole fresh fish (i.e. entire fish in their original state) are excluded, as they are not considered processed. 

Data cover all products derived from aquatic animals (fish, crustaceans, molluscs, etc…) excluding products derived from aquatic mammals, frogs, crocodiles, aquatic plants, corals, sponges, pearls and fish leather.","Este conjunto de datos abarca la producción anual, en volumen, de productos transformados de la pesca y acuicultura, por país o zona y por producto, desde 1976.

El conjunto de datos se centra exclusivamente en productos que han sido procesados. Ejemplos incluyen productos fileteados, enlatados, ahumados, salados, secos, congelados, o transformados en harina o aceite de pescado, entre otras formas de procesamiento. Se excluyen productos como peces vivos, crustáceos y moluscos vivos, así como peces enteros frescos no procesados, ya que no se consideran productos procesados.

Los datos abarcan todos los productos derivados de animales acuáticos (peces, crustáceos, moluscos, etc.), excluyendo aquellos derivados de mamíferos acuáticos, ranas, cocodrilos, plantas acuáticas, corales, esponjas, perlas y cuero de pescado.","Ce jeu de données couvre la production annuelle, en volume, de produits transformés de la pêche et de l'aquaculture, par pays ou zone et par produit, depuis 1976.

Ce jeu de données se concentre exclusivement sur les produits ayant fait l’objet d’une transformation. Il s'agit notamment des filets, produits en conserve, fumés, salés, séchés, congelés, ou encore transformés en farine ou en huile de poisson, ainsi que d'autres formes de traitement. Les produits tels que les poissons vivants, les crustacés et les mollusques vivants, ou les poissons frais entiers non transformés sont exclus, car ils ne sont pas considérés comme transformés.

Les données couvrent tous les produits dérivés d’animaux aquatiques (poissons, crustacés, mollusques, etc.), à l’exclusion de ceux issus de mammifères aquatiques, de grenouilles, de crocodiles, de plantes aquatiques, de coraux, éponges, perles et cuirs de poisson.","2024"
"05.2","13","This dataset provides the annual production volume of processed and preserved aquatic animal products from 1976, for 152 countries or areas, and over 800 products according to the International Standard Statistical Classification of Fishery Commodities (ISSCFC).","Este conjunto de datos proporciona el volumen anual de producción de productos de animales acuáticos procesados y conservados desde 1976, para 152 países o zonas, y más de 800 productos, según la Clasificación Estadística Internacional Normalizada de Productos Pesqueros (ISSCFC).","Ce jeu de données fournit le volume annuel de production de produits d’animaux aquatiques transformés depuis 1976, pour 152 pays ou zones, et plus de 800 produits, selon la Classification Statistique Internationale Type des Produits de la Pêche (ISSCFC).","2024"
"05.3","13","Fisheries and aquaculture","Pesca y acuicultura","Pêches et aquaculture","2024"
"05.4","13","The data cover each country's national production of processed fishery and aquaculture products, regardless of the intended use - whether for human consumption, industrial processing or other purposes - and regardless of their destination, whether for domestic use or export. 

Processed production includes outputs derived from the following sources:
     - nominal catches of all aquatic animals (except the catches of all aquatic mammals) caught for commercial, industrial and subsistence purposes, by all types of fishing units operating in freshwater and marine areas;
     - aquaculture production;
     - imported raw materials used for domestic processing.

Data include processed products produced on board domestic fish factory vessels and fishing craft flagged to the reporting country or area, even if the products are landed directly in foreign ports. However, the dataset excludes products processed on board foreign vessels landed directly in domestic ports, as they are considered as imported processed products and not part of national production.","Los datos abarcan la producción nacional de cada país de productos acuáticos transformados, independientemente de su uso final - ya sea para consumo humano, procesamiento industrial u otros fines - y sin importar su destino, ya sea para uso interno o para exportación.

La producción procesada incluye productos derivados de las siguientes fuentes:
     - las capturas nominales de todos los animales acuáticos (excepto los mamíferos acuáticos) pescados con fines comerciales, industriales o de subsistencia, por todo tipo de unidades pesqueras que operan en aguas dulces o marinas;
     - la producción acuícola;
     - las materias primas importadas utilizadas para el procesamiento nacional.

Los datos también incluyen los productos procesados a bordo de buques factoría y embarcaciones de pesca con pabellón del país o zona declarante, incluso si los productos son desembarcados directamente en puertos extranjeros. Sin embargo, se excluyen los productos procesados a bordo de buques extranjeros desembarcados directamente en puertos nacionales, ya que se consideran productos procesados importados y no forman parte de la producción transformada nacional.","Les données couvrent la production nationale de chaque pays en matière de produits aquatiques transformés, quelle que soit leur utilisation finale - consommation humaine, transformation industrielle ou autres usages - et quelle que soit leur destination, qu’elle soit pour le marché intérieur ou pour l’exportation.

La production transformée comprend les produits issus des sources suivantes :
     - les captures nominales de tous les animaux aquatiques (à l’exception des mammifères aquatiques), pêchés à des fins commerciales, industrielles ou de subsistance, par tous types d’unités de pêche opérant en eaux douces ou marines ;
     - la production aquacole ;
     - les matières premières importées utilisées pour la transformation.

Les données incluent également les produits transformés à bord des navires-usines et embarcations de pêche battant pavillon du pays ou de la zone déclarant, même si ces produits sont débarqués directement dans des ports étrangers. En revanche, les produits transformés à bord de navires étrangers et débarqués directement dans des ports nationaux sont exclus, car ils sont considérés comme des produits transformés importés, et non comme faisant partie de la production transformée nationale.","2023"
"05.5","13","The list of countries and the geographical classification are primarily based on the UN ""Standard Country or Area Codes for Statistical use"" (https://unstats.un.org/unsd/methodology/m49/). The term “country"" or ""country or area” as used in the dataset also covers territories, cities and land areas, as well as provinces, districts, enclaves and other parts of territories or combinations of countries or areas such as economic or customs unions. 

Country or area names and designations are subject to nationally announced changes. Name changes announced recently may not have been incorporated in this dataset release but will be reflected in future ones. 

The designations employed and the presentation of material in this dataset do not imply the expression of any opinion whatsoever on the part of FAO concerning the legal or development status of any country, territory, city or area or of its authorities, or concerning the delimitation of its frontiers or boundaries.","La lista de países y la clasificación geográfica se basan principalmente en el documento de la ONU «Códigos estándar de países o áreas para uso estadístico» (https://unstats.un.org/unsd/methodology/m49/). El término «país» o «país o área» utilizado en el conjunto de datos también cubre territorios, ciudades y áreas terrestres, así como provincias, distritos, enclaves y otras partes de territorios o combinaciones de países o áreas tales como uniones económicas o aduaneras. 

Los nombres y designaciones de países o áreas están sujetos a cambios anunciados a nivel nacional. Los cambios recientes de nombre pueden no haberse incorporado en esta versión del conjunto de datos, pero se reflejarán en las futuras versiones. 

Las designaciones empleadas y la presentación del material en este conjunto de datos no implican en modo alguno la expresión de ninguna opinión por parte de la FAO respecto al estatus jurídico o de desarrollo de cualquier país, territorio, ciudad o área, ni de sus autoridades, ni respecto a la delimitación de sus fronteras.","La liste des pays et la classification géographique sont principalement basées sur la norme des Nations Unies « Codes standard des pays ou zones géographiques pour usage statistique » (https://unstats.un.org/unsd/methodology/m49/). Le terme « pays » ou « pays ou zone » utilisé dans cet ensemble de données couvre également les territoires, villes et zones terrestres, ainsi que les provinces, districts, enclaves et autres parties de territoires ou des combinaisons de pays ou zones telles que les unions économiques ou douanières. 

Les noms et désignations des pays ou zones sont susceptibles d’évolutions annoncées au niveau national. Les changements récents de noms peuvent ne pas avoir été intégrés dans cette version du jeu de données, mais seront reflétés dans les versions futures. 

Les désignations employées et la présentation du contenu de ce jeu de données n’impliquent en aucun cas l’expression d’une quelconque opinion de la part de la FAO concernant le statut juridique ou de développement d’un pays, territoire, ville ou zone, ou de ses autorités, ni concernant la délimitation de ses frontières.","2023"
"05.6","13","From 1976 to 2023.","De 1976 a 2023.","De 1976 à 2023.","2023"
"05.7","13","Not applicable","No aplicable","Non applicable","2024"
"06","13","The volume of processed production of aquatic animal products is expressed in metric tonnes (1000 kilograms) and refer to the net weight of the products, not the weight of the raw materials used for their production. For example, when a fillet is produced from a whole fish, only the weight of the fillet is recorded, not the weight of the entire unprocessed fish. This distinction ensures that the data reflect the actual quantity of processed products rather than the original weight of the input materials.","El volumen de la producción transformada se expresa en toneladas métricas (1000 kilogramos) y se refiere al peso neto de los productos, no al peso de las materias primas utilizadas para su elaboración.
Por ejemplo, cuando se produce un filete a partir de un pescado entero, solo se registra el peso del filete, no el del pescado entero sin procesar. Esta distinción garantiza que los datos reflejen la cantidad real de productos transformados, y no el peso original de los insumos utilizados.","Le volume de la production transformée est exprimé en tonnes métriques (1000 kilogrammes) et correspond au poids net des produits, et non au poids des matières premières utilisées pour leur production.
Par exemple, lorsqu’un filet est obtenu à partir d’un poisson entier, seul le poids du filet est enregistré, et non celui du poisson entier non transformé. Cette distinction permet de s’assurer que les données reflètent la quantité réelle de produits transformés, et non le poids initial des matières premières utilisées.","2024"
"07","13","The annual period used is the calendar year (1 January - 31 December).","El período anual utilizado es el año calendario (1 de enero - 31 de diciembre).","La période annuelle utilisée est l’année civile (du 1er janvier au 31 décembre).","2024"
"08.1","13","Article I of the FAO Constitution requires the Organization to collect, analyze, interpret and disseminate information relating to nutrition, food and agriculture (FAO, 1945) [https://www.fao.org/3/x5584e/x5584e0i.htm].","El Artículo I de la Constitución de la FAO establece que la Organización debe recopilar, analizar, interpretar y difundir información relacionada con la nutrición, la alimentación y la agricultura (FAO, 1945) [https://www.fao.org/3/x5584e/x5584e0i.htm].","L'article I de la Constitution de la FAO prévoit que l'Organisation collecte, analyse, interprète et diffuse des informations relatives à la nutrition, à l'alimentation et à l'agriculture (FAO, 1945) [https://www.fao.org/3/x5584e/x5584e0i.htm].","2024"
"08.2","13","These statistics are drawn primarily from official data from countries and territories, who have primary responsibility for data collection. FAO collects data from countries annually through questionnaires specific to each dataset and each country. Data are complemented or replaced, when necessary, by data from other sources (including from the World Sturgeon Conservation Society (WSCS) for data on caviar and the Marine Ingredients Organization (IFFO) for data on fishmeal and fish oil).","Estas estadísticas provienen principalmente de datos oficiales proporcionados por los países y territorios, quienes tienen la responsabilidad principal de la recolección de datos. La FAO recopila datos de los países anualmente mediante cuestionarios específicos para cada conjunto de datos y para cada país. Los datos se complementan o sustituyen, cuando es necesario, por información procedente de otras fuentes (incluida la World Sturgeon Conservation Society (WSCS) para los datos sobre caviar y la Marine Ingredients Organization (IFFO) para los datos sobre harina y aceite de pescado).","Ces statistiques proviennent principalement des données officielles fournies par les pays et territoires, qui ont la responsabilité première de la collecte des données. La FAO collecte les données auprès des pays chaque année à l’aide de questionnaires spécifiques à chaque ensemble de données et à chaque pays. Les données sont complétées ou remplacées, si nécessaire, par d’autres sources (notamment la World Sturgeon Conservation Society (WSCS) pour les données sur le caviar et la Marine Ingredients Organization (IFFO) pour les données sur la farine et l’huile de poisson).","2024"
"09.1","13","FAO data and statistics are produced in accordance with FAO Policy on Data Protection and the implementation modalities of FAO SDQAF Principle 4 on Data protection and Statistical Confidentiality.","Los datos y estadísticas de la FAO se producen de acuerdo con la Política de Protección de Datos de la FAO y las modalidades de implementación del Principio 4 del SDQAF de la FAO sobre la protección de datos y confidencialidad estadística.","Les données et statistiques de la FAO sont produites conformément à la Politique de protection des données de la FAO et aux modalités de mise en œuvre du Principe 4 du SDQAF de la FAO concernant la protection des données et la confidentialité statistique.","2024"
"09.2","13","If any, confidential data are not disseminated by FAO as such. Suppressed confidential data are marked in the database with SDMX flag “Q - Missing value; suppress”.","En su caso, los datos confidenciales no son difundidos como tales por la FAO. Los datos confidenciales suprimidos están marcados en la base de datos con el indicador SDMX “Q - Valor ausente; suprimido”.","Le cas échéant, les données confidentielles ne sont pas diffusées en tant que telles par la FAO. Les données confidentielles supprimées sont signalées dans la base de données par le code SDMX « Q - Valeur manquante ; suppression ».","2024"
"09.3","13","Not applicable","No aplicable","Non applicable","2024"
"10.1","13","FAO FishStat data releases follow a release calendar available publicly at the main FAO FishStat page at https://www.fao.org/fishery/en/fishstat. Global aquatic processed production data for the most recent available year are disseminated annually in July.","La publicación de datos FishStat de la FAO sigue un calendario de difusión disponible públicamente en la página principal de FishStat de la FAO en https://www.fao.org/fishery/en/fishstat. Los datos de la produccion de productos acuáticos transformados para el año más reciente disponible se publican anualmente en julio.","La publication des données FishStat de la FAO suit un calendrier de diffusion accessible publiquement, disponible sur la page principale FishStat de la FAO à l’adresse https://www.fao.org/fishery/en/fishstat. Les données sur la production de produits aquatiques transformés pour l’année la plus récente disponible sont diffusées chaque année en juillet.","2024"
"10.2","13","https://www.fao.org/fishery/services/storage/fs/fishery/documents/fishstat/FishStatReleaseCalendar.pdf","https://www.fao.org/fishery/services/storage/fs/fishery/documents/fishstat/FishStatReleaseCalendar.pdf","https://www.fao.org/fishery/services/storage/fs/fishery/documents/fishstat/FishStatReleaseCalendar.pdf","2024"
"10.3","13","This data domain is disseminated according to FAO's Open Data Licensing for Statistical Databases Policy, under the [Creative Commons Attribution 4.0 International license (CC-BY 4.0)](https://creativecommons.org/licenses/by/4.0/) and are subject to [FAO Statistical Database Terms of Use](https://www.fao.org/contact-us/terms/db-terms-of-use/en/).

FAO declines all responsibility for errors or deficiencies in the database or software or in the documentation accompanying it, for program maintenance and upgrading as well as for any damage that may arise from them. FAO also declines any responsibility for updating the data and assumes no responsibility for errors and omissions in the data provided. Users are, however, kindly asked to report any errors or deficiencies in this product to FAO.","Este conjunto de datos se publica de acuerdo con la Política de Licencias de Datos Abiertos para Bases de Datos Estadísticas de la FAO, bajo la licencia Creative Commons Atribución 4.0 Internacional (CC-BY 4.0) y está sujeto a los Términos de uso de bases de datos estadísticas de la FAO (https://www.fao.org/contact-us/terms/db-terms-of-use/es/). 

La FAO declina toda responsabilidad respecto a los errores o deficiencias en la base de datos o los programas, o en la documentación que acompaña a estos, el mantenimiento y el mejoramiento del programa, así como respecto de cualquier daño que pueda derivarse de ellos. Asimismo, la FAO no se considerará responsable de la actualización de los datos y no asume ningún tipo de responsabilidad respecto a los errores u omisiones en los datos proporcionados. No obstante, se ruega a los usuarios que informen de los errores o deficiencias que hallen en este producto de la FAO.","Ce jeu de données est diffusé conformément à la politique de la FAO sur la licence ouverte pour les bases de données statistiques, sous la licence Creative Commons Attribution 4.0 Internationale (CC-BY 4.0) et est soumis aux Conditions d’utilisation des bases de données statistiques de la FAO (https://www.fao.org/contact-us/terms/db-terms-of-use/fr/). 

La FAO décline toute responsabilité pour les erreurs ou défauts dans les bases de données, les logiciels ou dans la documentation correspondante, pour l'entretien et l'évolution des programmes, ainsi que pour les dommages pouvant en résulter. La FAO décline également toute responsabilité quant à la mise à jour, les erreurs et omissions concernant les données. Les usagers sont cependant invités à signaler à la FAO d'éventuels défauts ou erreurs de ces programmes.","2024"
"10.4","13","https://creativecommons.org/licenses/by/4.0/","https://creativecommons.org/licenses/by/4.0/","https://creativecommons.org/licenses/by/4.0/","2024"
"11","13","Yearly","Anual","Annuel","2024"
"12.1","13","Not applicable","No aplicable","Non applicable","2024"
"12.2","13","[FAO Fishery and Aquaculture Statistical Yearbook](https://www.fao.org/cwp-on-fishery-statistics/handbook/tools-and-resources/list-of-fao-yearbooks-of-fishery-statistics/en/)","[FAO Anuario - Estadísticas de pesca y acuicultura](https://www.fao.org/cwp-on-fishery-statistics/handbook/tools-and-resources/list-of-fao-yearbooks-of-fishery-statistics/en/)","[FAO Annuaire - Statistiques des pêches et de l'aquaculture](https://www.fao.org/cwp-on-fishery-statistics/handbook/tools-and-resources/list-of-fao-yearbooks-of-fishery-statistics/en/)","2024"
"12.3","13","https://www.fao.org/fishery/en/collection/global_commodity_prod","https://www.fao.org/fishery/es/collection/global_pp","https://www.fao.org/fishery/fr/collection/global_pp","2024"
"12.4","13","Not applicable","No aplicable","Non applicable","2024"
"12.5","13","This dataset can be consulted through different tools and formats accessible at https://www.fao.org/fishery/en/collection/global_pp","Este conjunto de datos se puede consultar a través de diferentes herramientas y formatos accesibles en https://www.fao.org/fishery/es/collection/global_pp","Ce jeu de données peut être consulté via différents outils et formats accessibles à l’adresse suivante: https://www.fao.org/fishery/fr/collection/global_pp","2024"
"12.6","13","Information on the methodology followed is available in the Annex 2 “Methodological notes and glossary” of the FAO Yearbook Fishery and Aquaculture Statistics https://www.fao.org/fishery/en/publications?page=1&f=series%3D%22FAO%20Yearbook%20of%20Fishery%20and%20Aquaculture%20Statistics%22#search","La información sobre la metodología seguida está disponible en el Anexo 2 del Anuario FAO de Estadísticas de Pesca y Acuicultura https://www.fao.org/fishery/en/publications?page=1&f=series%3D%22FAO%20Yearbook%20of%20Fishery%20and%20Aquaculture%20Statistics%22#search","Les informations sur la méthodologie mise en oeuvre sont disponibles dans l’Annexe 2 de l’Annuaire FAO des statistiques sur la pêche et l’aquaculture https://www.fao.org/fishery/en/publications?page=1&f=series%3D%22FAO%20Yearbook%20of%20Fishery%20and%20Aquaculture%20Statistics%22#search","2024"
"13.1","13","The main users are FAO analysts, other international organizations, ministries and government agencies, agro-industry, trade and professional associations, research institutes and universities, journalists and the general public. 

According to the 2023 FishStat database user consultation, researchers are the largest user group, accounting for almost 32 percent of the total respondents, followed by students and educators, which accounted for around 25 percent of the overall respondents, while users from private companies represent a share of 15 percent. 

The objectives of these users vary, but aquatic processed production statistics are especially useful for market management/monitoring, production forecasts, policy-making in the sector, and in the context of the Supply-Utilization Accounts and Food Balance Sheet exercise. FAO is not aware of unmet needs. Users are encouraged to contact the dataset owner for resolving more specific queries that are not addressed elsewhere in these metadata.","Los principales usuarios son los analistas de la FAO, otras organizaciones internacionales, ministerios y organismos gubernamentales, la agroindustria, asociaciones comerciales y profesionales, institutos de investigación y universidades, periodistas y el público en general. 

Según la consulta a usuarios de la base de datos FishStat realizada en 2023, los investigadores constituyen el grupo de usuarios más numeroso, representando casi el 32 por ciento del total de encuestados, seguidos por estudiantes y educadores, con alrededor del 25 por ciento, mientras que los usuarios del sector privado representan un 15 por ciento. 

Los objetivos de estos usuarios son diversos, pero las estadísticas sobre la producción acuática transformada son especialmente útiles para la gestión/seguimiento del mercado, las previsiones de producción, la formulación de políticas en el sector y en el contexto de los Cuentas de Disponibilidad y Utilización y los Balances Alimentarios. La FAO no tiene conocimiento de necesidades insatisfechas. Se invita a los usuarios a contactar con el responsable del conjunto de datos para resolver consultas más específicas que no estén tratadas en estas metadatos.","Les principaux utilisateurs sont les analystes de la FAO, d'autres organisations internationales, les ministères et agences gouvernementales, l’agro-industrie, les associations professionnelles et commerciales, les instituts de recherche et les universités, les journalistes ainsi que le grand public. 

Selon la consultation des utilisateurs de la base de données FishStat menée en 2023, les chercheurs constituent le principal groupe d’utilisateurs, représentant près de 32 pour cent des répondants, suivis par les étudiants et les enseignants, qui représentaient environ 25 pour cent, tandis que les utilisateurs issus d’entreprises privées représentaient 15 pour cent. 

Les objectifs des utilisateurs sont variés, mais les statistiques sur la production transformée des produits aquatiques sont particulièrement utiles pour la gestion/surveillance du marché, les prévisions de production, l’élaboration de politiques dans le secteur, ainsi que dans le cadre de l’exercice des Comptes d’Utilisation et Bilans alimentaires. La FAO n’a pas connaissance de besoins non satisfaits. Les utilisateurs sont invités à contacter le responsable du jeu de données pour toute question spécifique qui ne serait pas couverte par les présentes métadonnées.","2024"
"13.2","13","The latest quality review is the FishStat database user consultation which took place during July-December 2023. About 93 percent of returning users agreed that the FishStat database was adequate for their purpose. As for compliance of the data with the FAO SDQAF quality dimensions, the overall percentage of satisfied responses was about 81 percent, while the percentage of fully satisfied users simultaneously across all the 5 quality dimensions was 53 percent. The percentage of fully satisfied users is defined as the share of respondents who selected “agree” or “strongly agree” simultaneously across all the different 5 SDQAF dimensions.","La última evaluación de calidad corresponde a la consulta a los usuarios de la base de datos FishStat que tuvo lugar entre julio y diciembre de 2023. Alrededor del 93 por ciento de los usuarios habituales consideraron que la base de datos FishStat era adecuada para sus fines. En cuanto al cumplimiento de los datos con las dimensiones de calidad del SDQAF de la FAO, el porcentaje global de respuestas satisfechas fue de aproximadamente un 81 por ciento, mientras que el porcentaje de usuarios completamente satisfechos simultáneamente en las 5 dimensiones de calidad fue del 53 por ciento. El porcentaje de usuarios completamente satisfechos se define como la proporción de encuestados que seleccionaron “de acuerdo” o “totalmente de acuerdo” simultáneamente en las 5 diferentes dimensiones del SDQAF.","La dernière évaluation qualité correspond à la consultation des utilisateurs de la base de données FishStat qui s’est déroulée entre juillet et décembre 2023. Environ 93 pour cent des utilisateurs réguliers ont jugé que la base de données FishStat répondait à leurs besoins. Concernant la conformité des données aux dimensions de qualité du SDQAF de la FAO, le pourcentage global de réponses satisfaites était d’environ 81 pour cent, tandis que la part des utilisateurs entièrement satisfaits simultanément sur l’ensemble des 5 dimensions de qualité était de 53 pour cent. Le pourcentage d’utilisateurs entièrement satisfaits est défini comme la proportion de répondants ayant sélectionné « d’accord » ou « tout à fait d’accord » simultanément pour les 5 dimensions différentes du SDQAF.","2024"
"13.3","13","The availability of official data reported by countries varies widely. Whenever national offices failed to report their annual aquatic processed production statistics in time for the dissemination of the dataset, FAO estimated the quantities on the basis of other available information using approved methodologies in order to create a comprehensive global dataset.","La disponibilidad de datos oficiales reportados por los países varía ampliamente. Siempre que las oficinas nacionales no lograron reportar sus estadísticas anuales de producción acuática procesada a tiempo para la difusión del conjunto de datos, la FAO estimó las cantidades con base en otra información disponible utilizando metodologías aprobadas para crear un conjunto de datos global completo.","La disponibilité des données officielles rapportées par les pays varie considérablement. Chaque fois que les bureaux nationaux n’ont pas communiqué leurs statistiques annuelles de production aquatique transformée à temps pour la diffusion du jeu de données, la FAO a estimé les quantités sur la base d’autres informations disponibles en utilisant des méthodologies approuvées afin de constituer un ensemble de données global complet.","2024"
"14.1","13","The share of imputed data was about 2.3 percent of the total volume of processed production of aquatic products in 2023. Quality of the data varies according to the country, in particular in reference to the granularity of the detail by processed product.","La proporción de datos imputados fue de aproximadamente el 2.3 por ciento del volumen total de la producción de productos acuáticos transformados en 2023. La calidad de los datos varía según el país, en particular en referencia al nivel de detalle por producto acuático.","La part des données imputées représentait environ 2.3 pour cent du volume total de la production de produits aquatiques transformés en 2023. La qualité des données varie selon les pays, en particulier en ce qui concerne le niveau de détail par produit aquatique.","2024"
"14.2","13","Not applicable","No aplicable","Non applicable","2024"
"14.3","13","Imputation rate: 64 percent in 2023.","Tasa de imputación : 64 por ciento en 2023.","Taux d’imputation : 64 pour cent en 2023.","2023"
"14.4","13","Prefilled questionnaires are sent out with reported data for the previous seven years, which countries are asked to revise, if needed, when they report data for the new year.","Se envían cuestionarios prellenados con los datos declarados de los siete años anteriores, que los países deben revisar, si es necesario, al reportar los datos del nuevo año.","Des questionnaires pré-remplis sont envoyés avec les données déclarées des sept années précédentes, que les pays sont invités à réviser, si nécessaire, lorsqu’ils transmettent les données pour la nouvelle année.","2023"
"14.5","13","Countries revise their official statistics regularly for past periods. FAO imputation may also be revised on the basis of more accurate information. When such revisions occur, historical data are revised accordingly. Therefore, users are advised to refrain from comparing data published in previous releases with the latest release.","Los países revisan regularmente sus estadísticas oficiales para períodos anteriores. Las imputaciones de la FAO también pueden ser revisadas con base en información más precisa. Cuando ocurren dichas revisiones, los datos históricos se actualizan en consecuencia. Por lo tanto, se recomienda a los usuarios no comparar los datos publicados en versiones anteriores con los de la última publicación.","Les pays révisent régulièrement leurs données pour des périodes passées. Les imputations de la FAO peuvent également être révisées sur la base d’informations plus précises. Lorsque de telles révisions ont lieu, les données historiques sont mises à jour en conséquence. Par conséquent, il est conseillé aux utilisateurs de ne pas comparer les données publiées dans les éditions précédentes avec celles de la dernière publication.","2023"
"15.1","13","The deadline for submitting aquatic processed production data to FAO is usually between 8 to 9 months after the end of the reference year. Data are then normally processed and disseminated within 10 months.","El plazo para enviar los datos de producción de productos acuáticos transformados a la FAO suele ser de entre 8 y 9 meses después del final del año de referencia. Los datos se procesan y se difunden normalmente en un plazo de 10 meses.","La date limite de soumission des données sur la production de produits aquatiques transformés à la FAO est généralement fixée entre 8 et 9 mois après la fin de l’année de référence. Les données sont ensuite normalement traitées et diffusées dans un délai de 10 mois.","2024"
"15.2","13","The release is according to the schedule of the calendar.","La publicación se realiza según el calendario establecido.","La publication se fait selon le calendrier prévu.","2024"
"16.1","13","Data are mostly comparable between geographical areas, countries or regions. However it should be taken into account that the degree of comparability might be vaffected by the differences between countries in methods and coverage of data collections, except for regions where countries are bound by regulations mandating harmonized methods, such as European Union countries.","Los datos son en su mayoría comparables entre zonas geográficas, países o regiones. Sin embargo, debe tenerse en cuenta que el grado de comparabilidad puede verse afectado por las diferencias entre países en cuanto a los métodos y la cobertura de la recopilación de datos, salvo en aquellas regiones donde los países están sujetos a normativas que exigen métodos armonizados, como es el caso de los países de la Unión Europea.","Les données sont généralement comparables entre zones géographiques, pays ou régions. Toutefois, il convient de noter que le degré de comparabilité peut être affecté par les différences entre pays en ce qui concerne les méthodes et la couverture des collectes de données, sauf dans les régions où les pays sont soumis à des réglementations imposant des méthodes harmonisées, comme c’est le cas pour les pays de l’Union européenne.","2024"
"16.2","13","Given the length of the time series, starting from 1976, full comparability across all years cannot be guaranteed. However, for shorter time periods, reasonably good comparability over time can be expected. Detailed information on data variations and methodological changes is provided in the country notes, available in the Global aquatic processed production workspace in FishStatJ.","Dada la extensión de la serie temporal, que comienza en 1976, no se puede garantizar una comparabilidad total entre todos los años. Sin embargo, para periodos más cortos, se puede esperar una comparabilidad razonablemente buena a lo largo del tiempo. Información detallada sobre las variaciones de los datos y los cambios metodológicos está disponible en las notas por país, accesibles en el espacio de trabajo de producción mundial de productos acuáticos transformados en FishStatJ.","Compte tenu de la longueur de la série chronologique, qui commence en 1976, une comparabilité totale entre toutes les années ne peut être garantie. Toutefois, pour des périodes plus courtes, une comparabilité raisonnablement bonne dans le temps peut être attendue. Des informations détaillées sur les variations des données et les changements méthodologiques sont fournies dans les notes par pays, disponibles dans l’espace de travail de la production mondiale de produits aquatiques transformées dans FishStatJ.","2024"
"16.3","13","Cross-domain coherence: aquatic processed production data have a high cross-domain coherence, as they are used alongside capture fisheries and aquaculture production and aquatic trade in the compilation of food balance sheets. This integration within a single supply and utilization framework provides an additional validation of the data. 

Internal coherence:  It is expected that the internal coherence is checked by countries before dissemination.","Coherencia entre conjuntos de datos: los datos de producción de productos acuáticos transformados presentan una alta coherencia entre dominios, ya que se utilizan junto con los datos de producción de pesca de captura y acuicultura  y comercio de productos acuáticos en la elaboración de las hojas de balance alimentario. Esta integración en un marco único de oferta y utilización proporciona una validación adicional de los datos.

Coherencia interna: se espera que la coherencia interna sea verificada por los países antes de su difusión.","Cohérence interdomaines : les données sur la production de produits aquatiques transformés présentent une forte cohérence interdomaines, car elles sont utilisées conjointement avec les données sur les pêches de capture, l’aquaculture et le commerce des produits aquatiques dans la compilation des bilans alimentaires. Cette intégration dans un cadre unique d’offre et d’utilisation permet une validation supplémentaire des données.

Cohérence interne : il est attendu que la cohérence interne soit vérifiée par les pays avant la diffusion.","2024"
"16.4","13","For aquatic processed products: FAO International Standard Statistical Classification of Fishery Commodities (ISSCFC): https://openknowledge.fao.org/handle/20.500.14283/cd4224en. Data can also be expressed in a number of other classifications, including: 
HS (Version 2022) https://www.wcoomd.org/en/topics/nomenclature/instrument-and-tools/hs-nomenclature-2022-edition/hs-nomenclature-2022-edition.aspx
CPC (Version 2.1) https://unstats.un.org/unsd/classifications/unsdclassifications/cpcv21.pdf SITC (Revision 4) https://unstats.un.org/unsd/trade/sitcrev4.htm 
ISSCAAP https://www.fao.org/fishery/static/ASFIS/ISSCAAP.pdf 

For geographical areas: UN ""Standard Country or Area Codes for Statistical Use"" https://unstats.un.org/unsd/methodology/m49/. Additional country classifications are made available to users. Below are the main ones: 
Least Developed Countries (LDC) (version 2024) https://www.un.org/development/desa/dpad/wp-content/uploads/sites/45/publication/ldc_list.pdf 
Low-Income Food-Deficit Countries (LIFDCs) (2023 revision) https://www.fao.org/countryprofiles/lifdc/en/ 
Landlocked Developing Countries (LLDCs) https://unctad.org/topic/landlocked-developing-countries/list-of-LLDCs 
Small Island Developing States (SIDS) https://www.un.org/ohrlls/content/list-sids 
Net Food-Importing Developing Countries (NFIDC) (2024 revision) https://docs.wto.org/dol2fe/Pages/SS/directdoc.aspx?filename=q:/G/AG/5R12.pdf&Open=True 
The classification of the World Bank by income (2025 revision) https://datahelpdesk.worldbank.org/knowledgebase/articles/906519-world-bank-country-and-lending-groups

For observation status codes (flag): ""FAO Statistical Standard Series Observation Status Code List"" available at https://www.fao.org/statistics/data-and-statistical-standard-series/en. The flags used are aligned with the SDMX standard and are listed below along with their descriptions: 
"" A "" = Official value (previously displayed without any symbol associated); 
"" B "" = Time series break; 
"" E "" = Estimated value; 
"" F "" = Forecast value; 
"" G "" = Experimental value; 
"" I "" = Value imputed by a receiving agency (FAO) (previously displayed as "" E ""); 
"" P "" = Provisional value; 
"" S "" = Strike and other special events; 
"" U "" = Low reliability; 
"" V "" = Unvalidated value; 
"" X "" = Value from international/mandated organization; 
Flags associated to value "" 0 "": 
"" L "" = Missing value; data exist but were not collected; 
"" M "" = Missing value; data cannot exist. 
"" N "" = Not significant (more than zero but less than half the unit used ); 
"" O "" = Missing value; cannot be determined; 
"" Q "" = Missing value; suppressed;","Para productos acuáticos transformados: Clasificación estadística internacional estándar de productos pesqueros de la FAO (ISSCFC): https://openknowledge.fao.org/handle/20.500.14283/cd4224en. Los datos también pueden expresarse en otras clasificaciones, incluyendo: 
SA (Versión 2022) https://www.wcoomd.org/en/topics/nomenclature/instrument-and-tools/hs-nomenclature-2022-edition/hs-nomenclature-2022-edition.aspx 
CPC (Versión 2.1) https://unstats.un.org/unsd/classifications/unsdclassifications/cpcv21.pdf CUCI (Revisión 4) https://unstats.un.org/unsd/trade/sitcrev4.htm 
CEIUAPA https://www.fao.org/fishery/static/ASFIS/ISSCAAP.pdf 

Para los países y áreas geográficas: ONU ""Códigos estándar de países o áreas para uso estadístico"" https://unstats.un.org/unsd/methodology/m49/. Se ponen a disposición de los usuarios clasificaciones adicionales de países, incluyendo: 
Países Menos Adelantados (PMA) (versión 2024) https://www.un.org/development/desa/dpad/wp-content/uploads/sites/45/publication/ldc_list.pdf 
Países de bajos ingresos y con déficit de alimentos (PBIDA) (revisión 2023) https://www.fao.org/countryprofiles/lifdc/en/ 
Países en desarrollo sin litoral (PDSL) https://unctad.org/topic/landlocked-developing-countries/list-of-LLDCs 
Pequeños Estados Insulares en Desarrollo (PEID) https://www.un.org/ohrlls/content/list-sids 
Países en desarrollo importadores netos de alimentos (PDINA) (revisión 2024) https://docs.wto.org/dol2fe/Pages/SS/directdoc.aspx?filename=q:/G/AG/5R12.pdf&Open=True 
Clasificación del Banco Mundial por nivel de ingresos (revisión 2025) https://datahelpdesk.worldbank.org/knowledgebase/articles/906519-world-bank-country-and-lending-groups 

Para los símbolos de estado de las observaciones: FAO Statistical Standard Series – Observation Status Code List disponible en https://www.fao.org/statistics/data-and-statistical-standard-series/en. Los símbolos utilizados están alineados con el estándar SDMX y se enumeran a continuación junto con su descripción: 
"" A "" = Cifra oficial (anteriormente mostrado sin ningún símbolo asociado); 
"" B "" = Interrupción de la serie cronológica; 
"" E "" = Valor estimado; 
"" F "" = Valor previsto; 
"" G "" = Valor experimental; 
"" I "" = Valor imputado por la agencia receptora (FAO) (anteriormente mostrado como "" E ""); 
"" P "" = Valor provisional; 
"" S "" = Huelga y otros eventos especiales; 
"" U "" = Baja confiabilidad; 
"" V "" = Valor no validado; 
"" X "" = Cifra de fuentes internacionales. 

Símbolos asociados al valor "" 0 "": 
"" L "" = Valor ausente (los datos existen pero no fueron recopilados); 
"" M "" = Valor ausente (los datos no pueden existir, no aplicable); 
"" N "" = No significativo (más de cero pero inferior a la mitad de la unidad empleada); 
"" O "" = Valor ausente, no se puede determinar; 
"" Q "" = Valor ausente; suprimido.","Pour les produits aquatiques transformés : Classification Statistique Internationale Standard des Produits de la Pêche (ISSCFC) de la FAO : https://openknowledge.fao.org/handle/20.500.14283/cd4224en. Les données peuvent également être exprimées selon plusieurs autres classifications, y compris: 
SH (Version 2022) https://www.wcoomd.org/en/topics/nomenclature/instrument-and-tools/hs-nomenclature-2022-edition/hs-nomenclature-2022-edition.aspx 
CPC (Version 2.1) https://unstats.un.org/unsd/classifications/unsdclassifications/cpcv21.pdf 
CTCI (Révision 4) https://unstats.un.org/unsd/trade/sitcrev4.htm CSITAPA https://www.fao.org/fishery/static/ASFIS/ISSCAAP.pdf 

Pour les pays et zones géographique : UN ""Standard Country or Area Codes for Statistical Use"" https://unstats.un.org/unsd/methodology/m49/. D’autres classifications de pays sont mises à la disposition des utilisateurs. Voici les principales : 
Pays les moins avancés (PMA) (version 2024) https://www.un.org/development/desa/dpad/wp-content/uploads/sites/45/publication/ldc_list.pdf 
Pays à faible revenu et à déficit vivrier (PFRDV) (révision 2023) https://www.fao.org/countryprofiles/lifdc/en/ 
Pays en développement sans littoral (PDSL) https://unctad.org/topic/landlocked-developing-countries/list-of-LLDCs 
Petits États insulaires en développement (PEID) https://www.un.org/ohrlls/content/list-sids 
Pays en développement importateurs nets de produits alimentaires (PDINPA) (révision 2024) https://docs.wto.org/dol2fe/Pages/SS/directdoc.aspx?filename=q:/G/AG/5R12.pdf&Open=True 
Classification de la Banque mondiale par niveau de revenu (révision 2025) https://datahelpdesk.worldbank.org/knowledgebase/articles/906519-world-bank-country-and-lending-groups 

Pour les symboles sur l'état des observations: FAO Statistical Standard Series – Observation Status Code List disponible à https://www.fao.org/statistics/data-and-statistical-standard-series/en. Les symboles sont conformes à la norme SDMX et sont listés ci-dessous avec leur description. Les symboles utilisés sont alignés sur le standard SDMX et sont listés ci-dessous avec leur description:  
"" A "" = Donnée officielle (précédemment présenté sans signe associé); 
"" B "" = Rupture dans les séries chronologiques; 
"" E "" = Valeur estimée; 
"" F "" = Valeur prévue; 
"" G "" = Valeur expérimentale; 
"" I "" = Valeur imputée par l'organisme récepteur (FAO) (précédemment présenté comme "" E ""); 
"" P "" = Valeur provisoire; 
"" S "" = Grève et autres événements spéciaux; 
"" U "" = Faible fiabilité; 
"" V "" = Valeur non validée; 
"" X "" = Valeur issue de sources internationales; 
Signe associé à la valeur "" 0 "": 
"" L "" = Valeur manquante (les données existent mais n'ont pas été collectées); 
"" M "" = Valeur manquante (les données ne peuvent exister, sans objet); 
"" N "" = Insignifiant (quantité supérieure à zéro, mais inférieure à la moitié de l'unité utilisée); 
"" O "" = Valeur manquante, ne peut pas être déterminée; 
"" Q "" = Valeur manquante; supprimée.","2024"
"17.1","13","The main data source is official statistics from FAO member countries. The source data can originate from surveys, administrative data and estimates based on expert observations. Which type of source is used by countries can significantly affect reliability and comparability of data. In nearly all cases where countries provide their official processed production data, data are recorded as reported by countries. In the case of issues with the data received, FAO  works with countries to revise their data when appropriate to ensure consistency in the dissemination of official data. Data are complemented or replaced, when necessary, by data from other sources. In instances where no official data is available, data from unofficial sources may be used. If no data from either official or unofficial sources is available, data are imputed. In all cases, data are flagged accordingly.","La principal fuente de datos son las estadísticas oficiales de los países miembros de la FAO. Los datos fuente pueden originarse en encuestas, datos administrativos o estimaciones basadas en observaciones de expertos. El tipo de fuente utilizado por los países puede afectar significativamente la fiabilidad y la comparabilidad de los datos. En casi todos los casos en que los países proporcionan sus datos oficiales de producción transformada, los datos se registran tal como fueron reportados. En caso de problemas con los datos recibidos, la FAO colabora con los países para revisarlos, cuando corresponde, con el fin de garantizar la coherencia en la difusión de datos oficiales. Los datos se complementan o sustituyen, si es necesario, con datos de otras fuentes. En los casos en que no se dispone de datos oficiales, pueden utilizarse datos de fuentes no oficiales. Si no hay datos disponibles, ni oficiales ni no oficiales, se realizan imputaciones. En todos los casos, los datos se marcan debidamente con las banderas correspondientes.","La principale source de données est constituée des statistiques officielles des pays membres de la FAO. Les données sources peuvent provenir d'enquêtes, de données administratives ou d’estimations fondées sur des observations d'experts. Le type de source utilisé par les pays peut avoir un impact significatif sur la fiabilité et la comparabilité des données. Dans presque tous les cas où les pays fournissent leurs données officielles sur la production transformée, les données sont enregistrées telles que rapportées par les pays. En cas de problème avec les données reçues, la FAO collabore avec les pays pour les réviser, lorsque cela est approprié, afin d'assurer la cohérence dans la diffusion des données officielles. Les données sont complétées ou remplacées, si nécessaire, par des données provenant d'autres sources. En l'absence de données officielles disponibles, des sources non officielles peuvent être utilisées. Si aucune donnée, ni officielle ni non officielle, n'est disponible, des imputations sont effectuées. Dans tous les cas, les données sont dûment signalées au moyen de codes appropriés.","2024"
"17.2","13","Yearly","Anual","Annuel","2024"
"17.3","13","FAO data collection is carried out through collaboration with country correspondents in Member States. The data collection process relies on annual processed production questionnaires (FishStatFC1) sent to countries, as well as data from national publications and official country websites.","La recolección de datos de la FAO se lleva a cabo en colaboración con corresponsales nacionales en los Estados miembros. El proceso de recopilación se basa en cuestionarios anuales sobre producción de productos acuáticos transofrmados (FishStatFC1) enviados a los países, así como en datos de publicaciones nacionales y sitios web oficiales de los países.","La collecte des données par la FAO s’effectue en collaboration avec des correspondants nationaux dans les États membres. Le processus de collecte repose sur des questionnaires annuels sur la production de produits aquatiques transformés (FishStatFC1) envoyés aux pays, ainsi que sur des données issues de publications nationales et des sites officiels des pays.","2024"
"17.4","13","Countries are responsible for transmitting data which have already been checked. Validation at FAO concerns any transmission errors and data consistency checks, as well as outlier detection in line with the FAO statistical standard on data editing and validation of input data (https://www.fao.org/3/cb9341en/cb9341en.pdf). Other validations concerns assessing how far the current value is from the earlier data, consistency of totals and partial components and correspondence between variables from different datasets (particularly capture fisheries and aquaculture production and trade data). In case of issues with the data received, FAO works with countries to revise their data when appropriate to ensure consistency in the dissemination of official data.","Los países son responsables de transmitir datos que ya han sido verificados. La validación en la FAO se centra en detectar errores de transmisión y realizar controles de consistencia de datos, así como en la detección de valores atípicos, conforme al estándar estadístico de la FAO sobre edición y validación de datos de entrada (https://www.fao.org/3/cb9341en/cb9341en.pdf). Otras validaciones incluyen evaluar la desviación del valor actual respecto a los datos anteriores, la consistencia entre totales y componentes parciales, y la correspondencia entre variables de diferentes conjuntos de datos (particularmente datos de producción de pesca de captura y de acuicultura y datos de comercio). En caso de detectar problemas con los datos recibidos, la FAO trabaja con los países para revisar sus datos cuando sea apropiado, a fin de garantizar la coherencia en la difusión de los datos oficiales.","Les pays sont responsables de la transmission des données déjà vérifiées. La validation à la FAO concerne la détection des erreurs de transmission et les contrôles de cohérence des données, ainsi que la détection des valeurs aberrantes, conformément à la norme statistique de la FAO sur l’édition et la validation des données saisies (https://www.fao.org/3/cb9341en/cb9341en.pdf). D’autres validations portent sur l’évaluation de l’écart entre la valeur actuelle et les données antérieures, la cohérence entre les totaux et leurs composantes partielles, ainsi que la correspondance entre les variables provenant de différents ensembles de données (en particulier la production de la pêche de capture et de l’aquaculture et les données de commerce). En cas de problème avec les données reçues, la FAO collabore avec les pays pour réviser leurs données, le cas échéant, afin d’assurer la cohérence dans la diffusion des données officielles.","2024"
"17.5","13","FAO is responsible for compiling the data and generating aggregates.","La FAO es responsable de compilar los datos y generar los agregados.","La FAO est responsable de la compilation des données et de la génération des agrégats.","2024"
"17.6","13","FAO produces global, regional and sub-regional aggregates, in line with the FAO Statistical Standard Series on Data aggregation (available at https://www.fao.org/3/cc2918en/cc2918en.pdf).","La FAO produce agregados globales, regionales y subregionales, de acuerdo con la Serie de Normas Estadísticas de la FAO sobre agregación de datos (disponible en https://www.fao.org/3/cc2918en/cc2918en.pdf).","La FAO produit des agrégats mondiaux, régionaux et infrarégionaux, conformément à la Série de normes statistiques de la FAO sur l’agrégation des données (disponible sur https://www.fao.org/3/cc2918en/cc2918en.pdf).","2024"
"17.7","13","Countries are responsible for the quality of the data they report. FAO reviews and validates the data and, when necessary, applies corrections.","Los países son responsables de la calidad de los datos que publican. La FAO revisa y valida los datos y, cuando es necesario, aplica correcciones.","Les pays sont responsables de la qualité des données qu’ils publient. La FAO examine et valide ces données et, si nécessaire, effectue des corrections.","2024"
"17.8","13","Imputations are made according to the FAO Statistical Standard Series - Imputation (2019) (available at https://www.fao.org/3/cb9339en/cb9339en.pdf)","Las imputaciones se realizan conforme a la Serie de Normas Estadísticas de la FAO - Imputación (2019) (disponible en https://www.fao.org/3/cb9339en/cb9339en.pdf).","Les imputations sont réalisées conformément à la Série de Normes Statistiques de la FAO - Imputation (2019) (disponible sur https://www.fao.org/3/cb9339en/cb9339en.pdf).","2024"
"18.1","13","FAO is responsible for the quality of the internal statistical processes used to compile the published datasets. The FAO Statistics and Data Quality Assurance Framework (SDQAF), available at: https://openknowledge.fao.org/items/01debb18-63b2-403b-87fe-0eca5409656e, provides the necessary principles, guidelines and tools to carry out quality assessments. FAO is performing an internal bi-annual survey (FAO Quality Assessment and Planning Survey) designed to gather information on all of FAO’s statistical activities, notably to assess the extent to which quality standards are being implemented with a view to increasing compliance with the quality dimensions of SDQAF, documenting best practices and prepare quality improvement plans, where necessary. Domain-specific quality assurance activities are carried out systematically (e.g. quality reviews, self-assessments, compliance monitoring).","La FAO es responsable de la calidad de los procesos estadísticos internos utilizados para compilar los conjuntos de datos publicados. El Marco de Estadísticas y Aseguramiento de la Calidad de los Datos de la FAO (SDQAF), disponible en: https://openknowledge.fao.org/items/01debb18-63b2-403b-87fe-0eca5409656e, proporciona los principios, directrices y herramientas necesarias para llevar a cabo evaluaciones de calidad. La FAO realiza una encuesta interna cada dos años (Encuesta de Evaluación y Planificación de la Calidad de la FAO) diseñada para recopilar información sobre todas las actividades estadísticas de la FAO, especialmente para evaluar en qué medida se están implementando los estándares de calidad, con el fin de aumentar el cumplimiento de las dimensiones de calidad del SDQAF, documentar las mejores prácticas y preparar planes de mejora de la calidad, cuando sea necesario. Las actividades de aseguramiento de la calidad específicas del dominio se llevan a cabo de forma sistemática (por ejemplo, revisiones de calidad, autoevaluaciones, monitoreo de cumplimiento).","La FAO est responsable de la qualité des processus statistiques internes utilisés pour compiler les ensembles de données publiés. Le Cadre de Statistiques et d’Assurance Qualité des Données de la FAO (SDQAF), disponible à l’adresse : https://openknowledge.fao.org/items/01debb18-63b2-403b-87fe-0eca5409656e, fournit les principes, lignes directrices et outils nécessaires pour réaliser des évaluations de qualité. La FAO réalise une enquête interne tous les deux ans (Enquête d’Évaluation et de Planification de la Qualité de la FAO) conçue pour recueillir des informations sur toutes les activités statistiques de la FAO, notamment pour évaluer dans quelle mesure les normes de qualité sont mises en œuvre, dans le but d’accroître la conformité aux dimensions de qualité du SDQAF, de documenter les meilleures pratiques et de préparer des plans d’amélioration de la qualité, si nécessaire. Des activités d’assurance qualité spécifiques au domaine sont menées systématiquement (par exemple, revues de qualité, autoévaluations, suivi de conformité).","2024"
"18.2","13","The quality of the FAO statistics is highly dependent upon the accuracy and reliability of the data collected and provided by countries. FAO strives to validate and ensure the quality of the official data received by validating and cross checking them. FAO also works with countries to revise their data when appropriate to ensure consistency in the dissemination of official data. 
According to the 2023 Quality Assessment and Planning Survey (QAPS) of FAO, this data domain reported a quality score of 0.88. According to the QAPS a statistical output is considered of good quality when it reaches a quality score of 0.6 or above.","La calidad de las estadísticas de la FAO depende en gran medida de la exactitud y fiabilidad de los datos recogidos y proporcionados por los países. La FAO se esfuerza por validar y garantizar la calidad de los datos oficiales recibidos, validándolos y verificándolos de manera cruzada. La FAO también trabaja con los países para revisar sus datos cuando sea apropiado, con el fin de asegurar la coherencia en la difusión de los datos oficiales. Según la Encuesta de Evaluación y Planificación de la Calidad (QAPS) 2023 de la FAO, el dominio de datos sobre el comercio acuático reportó una puntuación de calidad de 0,91. De acuerdo con la QAPS, un producto estadístico se considera de buena calidad cuando alcanza una puntuación de calidad de 0,6 o superior.","La qualité des statistiques de la FAO dépend fortement de la précision et de la fiabilité des données collectées et fournies par les pays. La FAO s’efforce de valider et d’assurer la qualité des données officielles reçues en les vérifiant et en les recoupant. La FAO collabore également avec les pays pour réviser leurs données lorsque cela est approprié afin de garantir la cohérence dans la diffusion des données officielles. Selon l’Enquête 2023 d’Évaluation et de Planification de la Qualité (QAPS) de la FAO, ce domaine de données a obtenu un score de qualité de 0.88. Selon cette enquête, une production statistique est considérée de bonne qualité lorsqu’elle atteint un score de qualité de 0,6 ou plus.","2024"
"19","13","Not applicable","No aplicable","Non applicable","2024"
"20","13","Data for countries that belonged to the former Union of Soviet Socialist Republics (former USSR) are available as a single aggregate until 1991. 

For statistical purposes, the data for the People's Republic of China do not include China, Hong Kong SAR, China, Macao SAR and Taiwan Province of China, which are presented separately. Therefore, “China” refers to China’s mainland only. 

Detailed country or area notes are available inside the global aquatic processed production workspace in FishStatJ.","Los datos correspondientes a los países que formaban parte de la antigua Unión de Repúblicas Socialistas Soviéticas (antigua URSS) están disponibles como un agregado único hasta 1991. 

Con fines estadísticos, los datos de la República Popular China no incluyen China, RAE de Hong Kong, China, RAE de Macao ni la provincia de Taiwán de China, los cuales se presentan por separado. Por lo tanto, “China” se refiere únicamente a la parte continental de China. 

Notas detalladas por país o zona están disponibles en el spacio de trabajo de la producción mundial de productos acuáticos transformados en FishStatJ.","Les données relatives aux pays ayant appartenu à l’ancienne Union des Républiques Socialistes Soviétiques (ancienne URSS) sont disponibles sous forme agrégée jusqu’en 1991. 

À des fins statistiques, les données relatives à la la République populaire de Chine n’incluent pas la Chine, RAS de Hong Kong, la Chine, RAS de Macao, ni la province de Taïwan (Chine), qui sont présentées séparément. Par conséquent, « Chine » fait uniquement référence à la Chine continentale. 

Des notes détaillées par pays ou zone sont disponibles dans l’espace de travail sur la production mondiale de produits aquatiques transformées dans FishStatJ.","2024"
"01","9001","Import notifications for fisheries and aquaculture products","","","2024"
"02.1","9001","Food and Agriculture Organization of the United Nations (FAO)","Organización de las Naciones Unidas para la Alimentación y la Agricultura (FAO)","Organisation des Nations Unies pour l'alimentation et l'agriculture (FAO)","2024"
"03.1","9001","Food and Agriculture Organization of the United Nations (FAO)","Organización de las Naciones Unidas para la Alimentación y la Agricultura (FAO)","Organisation des Nations Unies pour l'alimentation et l'agriculture (FAO)","2024"
"03.2","9001","Statistics Team (NFISS) of the FAO Fisheries and Aquaculture Division (NFI)","Equipo de Estadísticas (NFISS) de la División de Pesca y Acuicultura (NFI)","Équipe des statistiques (NFISS) de la Division des pêches et de l'aquaculture (NFI)","2024"
"03.4","9001","[Fish-Statistics-Inquiries@fao.org](mailto:Fish-Statistics-Inquiries@fao.org)","[Fish-Statistics-Inquiries@fao.org](mailto:Fish-Statistics-Inquiries@fao.org)","[Fish-Statistics-Inquiries@fao.org](mailto:Fish-Statistics-Inquiries@fao.org)","2024"
"05.1","9001","This dataset contains data on import notifications of fisheries and aquaculture products that have been rejected, detained, recalled or issues notified in the European Union, Japan, and the United States of America. The data shown in this database is extracted from publicly available import notification portals. These are the European Union Rapid Alert System of Food and Feed (RASFF) Portal, the website of the Ministry of Health Labour and Welfare (MHLW) of Japan, the Import Refusal Report (IRR) of the Food and Drug Administration (FDA) of the United States of America. Additional data will be incorporated to this dataset as new e-notification portals become publicly available.

More details can be found on the Globefish http://www.fao.org/in-action/globefish/border-rejections/en web-site.","","","2024"
